Workbook

Sheet APP拉新-留存
C1: BI | D1: BI | G1: BI | I1: BI | K1: gp后台 | L1: gp后台 | M1: aso工具 | N1: aso工具 | O1: AS后台 | P1: AS后台 | Q1: aso工具 | R1: aso工具 | S1: AF | T1: 手机端安卓IOS访问网页用户数 | U1: BI手动
C2: APP自然北极星 | G2: APP留存 | K2: Google play | O2: AppleStore | S2: FX官网
A3: 周数 | B3: 地区 | C3: 自然北极星 | D3: 自然下载 | E3: 老用户日活 | F3: 下载/日活 | G3: 自然次留 | H3: 自然次留率 | I3: 自然日活 | J3: 北极星/日活 | K3: google下载页面访问量 | L3: Google安装量 | M3: 关键词TOP3量 | N3: 关键词覆盖量 | O3: apple下载页面访问量 | P3: Apple安装量 | Q3: 关键词TOP3量 | R3: 关键词覆盖量 | S3: AF官网自然下载 | T3: 官网手机端自然uv | U3: 下载资源位点击人数 | V3: 下载资源位点击率
A4: 2025-6/30~7/4 | B4: 印度/巴基斯坦 | C4: 64.2 | D4: 58 | E4: =I4-D4 -> 65 | F4: =D4/I4 -> 0.47154472 | G4: 7 | H4: =G4/D4 -> 0.12068966 | I4: 123 | J4: =C4/I4 -> 0.52195122 | S4: 0.8 | T4: 763.8 | U4: \N
A5: 2025-6/30~7/4 | B5: 印尼 | C5: 78.4 | D5: 37.4 | E5: =I5-D5 -> 63.6 | F5: =D5/I5 -> 0.37029703 | G5: 5.8 | H5: =G5/D5 -> 0.15508021 | I5: 101 | J5: =C5/I5 -> 0.77623762 | S5: 2.6 | T5: 615.2 | U5: \N
A6: 2025-6/30~7/4 | B6: 总计 | C6: =C4+C5 -> 142.6 | D6: =D4+D5 -> 95.4 | E6: =I6-D6 -> 128.6 | F6: =D6/I6 -> 0.42589286 | G6: =G4+G5 -> 12.8 | H6: =G6/D6 -> 0.13417191 | I6: =I4+I5 -> 224 | J6: =C6/I6 -> 0.63660714 | S6: =S4+S5 -> 3.4 | T6: =T4+T5 -> 1379
A7: 2025-7/7~7/11 | B7: 印度/巴基斯坦 | C7: 75 | D7: 60 | E7: =I7-D7 -> 67.2 | F7: =D7/I7 -> 0.47169811 | G7: 6.6 | H7: =G7/D7 -> 0.11 | I7: 127.2 | J7: =C7/I7 -> 0.58962264 | S7: 1.4 | T7: 795 | U7: \N
A8: 2025-7/7~7/11 | B8: 印尼 | C8: 96.2 | D8: 46.6 | E8: =I8-D8 -> 61.4 | F8: =D8/I8 -> 0.43148148 | G8: 10.8 | H8: =G8/D8 -> 0.23175966 | I8: 108 | J8: =C8/I8 -> 0.89074074 | S8: 1 | T8: 555.4 | U8: \N
A9: 2025-7/7~7/11 | B9: 总计 | C9: =C7+C8 -> 171.2 | D9: =D7+D8 -> 106.6 | E9: =I9-D9 -> 128.6 | F9: =D9/I9 -> 0.45323129 | G9: =G7+G8 -> 17.4 | H9: =G9/D9 -> 0.16322702 | I9: =I7+I8 -> 235.2 | J9: =C9/I9 -> 0.72789116 | S9: =S7+S8 -> 2.4 | T9: =T7+T8 -> 1350.4
A10: 2025-7/14~7/18 | B10: 印度/巴基斯坦 | C10: 102 | D10: 64.4 | E10: =I10-D10 -> 76.6 | F10: =D10/I10 -> 0.45673759 | G10: 6 | H10: =G10/D10 -> 0.093167702 | I10: 141 | J10: =C10/I10 -> 0.72340426 | S10: 0.4 | T10: 802.6 | U10: \N
A11: 2025-7/14~7/18 | B11: 印尼 | C11: 109.2 | D11: 59.6 | E11: =I11-D11 -> 73.2 | F11: =D11/I11 -> 0.44879518 | G11: 8.4 | H11: =G11/D11 -> 0.1409396 | I11: 132.8 | J11: =C11/I11 -> 0.82228916 | S11: 4 | T11: 649 | U11: \N
A12: 2025-7/14~7/18 | B12: 总计 | C12: =C10+C11 -> 211.2 | D12: =D10+D11 -> 124 | E12: =I12-D12 -> 149.8 | F12: =D12/I12 -> 0.45288532 | G12: =G10+G11 -> 14.4 | H12: =G12/D12 -> 0.11612903 | I12: =I10+I11 -> 273.8 | J12: =C12/I12 -> 0.77136596 | S12: =S10+S11 -> 4.4 | T12: =T10+T11 -> 1451.6
A13: 2025-7/21~7/25 | B13: 印度/巴基斯坦 | C13: 84.4 | D13: 60.2 | E13: =I13-D13 -> 74.6 | F13: =D13/I13 -> 0.44658754 | G13: 5.6 | H13: =G13/D13 -> 0.093023256 | I13: 134.8 | J13: =C13/I13 -> 0.62611276 | S13: 0.4 | T13: 842.8 | U13: \N
A14: 2025-7/21~7/25 | B14: 印尼 | C14: 122.8 | D14: 35.8 | E14: =I14-D14 -> 78.4 | F14: =D14/I14 -> 0.31348511 | G14: 8.2 | H14: =G14/D14 -> 0.22905028 | I14: 114.2 | J14: =C14/I14 -> 1.0753065 | S14: 1 | T14: 577 | U14: \N
A15: 2025-7/21~7/25 | B15: 总计 | C15: =C13+C14 -> 207.2 | D15: =D13+D14 -> 96 | E15: =I15-D15 -> 153 | F15: =D15/I15 -> 0.38554217 | G15: =G13+G14 -> 13.8 | H15: =G15/D15 -> 0.14375 | I15: =I13+I14 -> 249 | J15: =C15/I15 -> 0.83212851 | S15: =S13+S14 -> 1.4 | T15: =T13+T14 -> 1419.8
A16: 2025-7/28~8/1 | B16: 印度/巴基斯坦 | C16: 107.4 | D16: 75 | E16: =I16-D16 -> 77.4 | F16: =D16/I16 -> 0.49212598 | G16: 7 | H16: =G16/D16 -> 0.093333333 | I16: 152.4 | J16: =C16/I16 -> 0.70472441 | S16: 0.6 | T16: 982.6 | U16: \N
A17: 2025-7/28~8/1 | B17: 印尼 | C17: 109.2 | D17: 35.6 | E17: =I17-D17 -> 69.6 | F17: =D17/I17 -> 0.33840304 | G17: 6.8 | H17: =G17/D17 -> 0.19101124 | I17: 105.2 | J17: =C17/I17 -> 1.0380228 | S17: 1.6 | T17: 535.4 | U17: \N
A18: 2025-7/28~8/1 | B18: 总计 | C18: =C16+C17 -> 216.6 | D18: =D16+D17 -> 110.6 | E18: =I18-D18 -> 147 | F18: =D18/I18 -> 0.42934783 | G18: =G16+G17 -> 13.8 | H18: =G18/D18 -> 0.12477396 | I18: =I16+I17 -> 257.6 | J18: =C18/I18 -> 0.84083851 | S18: =S16+S17 -> 2.2 | T18: =T16+T17 -> 1518
A19: 2025-8/4~8/8 | B19: 印度/巴基斯坦 | C19: 104.6 | D19: 59.8 | E19: =I19-D19 -> 75.2 | F19: =D19/I19 -> 0.44296296 | G19: 6.2 | H19: =G19/D19 -> 0.10367893 | I19: 135 | J19: =C19/I19 -> 0.77481481 | S19: 1.2 | T19: 812 | U19: \N
A20: 2025-8/4~8/8 | B20: 印尼 | C20: 121.4 | D20: 42.4 | E20: =I20-D20 -> 76.8 | F20: =D20/I20 -> 0.3557047 | G20: 10 | H20: =G20/D20 -> 0.23584906 | I20: 119.2 | J20: =C20/I20 -> 1.0184564 | S20: 2 | T20: 530.8 | U20: \N
A21: 2025-8/4~8/8 | B21: 总计 | C21: =C19+C20 -> 226 | D21: =D19+D20 -> 102.2 | E21: =I21-D21 -> 152 | F21: =D21/I21 -> 0.40204563 | G21: =G19+G20 -> 16.2 | H21: =G21/D21 -> 0.15851272 | I21: =I19+I20 -> 254.2 | J21: =C21/I21 -> 0.88906373 | S21: =S19+S20 -> 3.2 | T21: =T19+T20 -> 1342.8
A22: 2025-8/11~8/15 | B22: 印度/巴基斯坦 | C22: 98 | D22: 38.8 | E22: =I22-D22 -> 77.8 | F22: =D22/I22 -> 0.33276158 | G22: 6.4 | H22: =G22/D22 -> 0.16494845 | I22: 116.6 | J22: =C22/I22 -> 0.84048027 | S22: 0.4 | T22: 840.8 | U22: \N
A23: 2025-8/11~8/15 | B23: 印尼 | C23: 128.4 | D23: 59.4 | E23: =I23-D23 -> 74.4 | F23: =D23/I23 -> 0.44394619 | G23: 14.8 | H23: =G23/D23 -> 0.24915825 | I23: 133.8 | J23: =C23/I23 -> 0.95964126 | S23: 3 | T23: 538.2 | U23: \N
A24: 2025-8/11~8/15 | B24: 总计 | C24: =C22+C23 -> 226.4 | D24: =D22+D23 -> 98.2 | E24: =I24-D24 -> 152.2 | F24: =D24/I24 -> 0.39217252 | G24: =G22+G23 -> 21.2 | H24: =G24/D24 -> 0.21588595 | I24: =I22+I23 -> 250.4 | J24: =C24/I24 -> 0.90415335 | S24: =S22+S23 -> 3.4 | T24: =T22+T23 -> 1379
A25: 2025-8/18~8/22 | B25: 印度/巴基斯坦 | C25: 105.8 | D25: 54.8 | E25: =I25-D25 -> 83 | F25: =D25/I25 -> 0.39767779 | G25: 5.8 | H25: =G25/D25 -> 0.10583942 | I25: 137.8 | J25: =C25/I25 -> 0.76777939 | S25: 0.2 | T25: 756 | U25: \N
A26: 2025-8/18~8/22 | B26: 印尼 | C26: 171 | D26: 72.2 | E26: =I26-D26 -> 95.2 | F26: =D26/I26 -> 0.43130227 | G26: 19.2 | H26: =G26/D26 -> 0.26592798 | I26: 167.4 | J26: =C26/I26 -> 1.0215054 | S26: 5.8 | T26: 600 | U26: \N
A27: 2025-8/18~8/22 | B27: 总计 | C27: =C25+C26 -> 276.8 | D27: =D25+D26 -> 127 | E27: =I27-D27 -> 178.2 | F27: =D27/I27 -> 0.41612058 | G27: =G25+G26 -> 25 | H27: =G27/D27 -> 0.19685039 | I27: =I25+I26 -> 305.2 | J27: =C27/I27 -> 0.90694626 | S27: =S25+S26 -> 6 | T27: =T25+T26 -> 1356
A28: 2025-8/25~8/29 | B28: 印度/巴基斯坦 | C28: 116.8 | D28: 51.2 | E28: =I28-D28 -> 80.2 | F28: =D28/I28 -> 0.38964992 | G28: 6.2 | H28: =G28/D28 -> 0.12109375 | I28: 131.4 | J28: =C28/I28 -> 0.88888889 | S28: 0.4 | T28: 875 | U28: \N
A29: 2025-8/25~8/29 | B29: 印尼 | C29: 146 | D29: 67.2 | E29: =I29-D29 -> 98.8 | F29: =D29/I29 -> 0.40481928 | G29: 13.4 | H29: =G29/D29 -> 0.19940476 | I29: 166 | J29: =C29/I29 -> 0.87951807 | S29: 3.6 | T29: 602.2 | U29: \N
A30: 2025-8/25~8/29 | B30: 总计 | C30: =C28+C29 -> 262.8 | D30: =D28+D29 -> 118.4 | E30: =I30-D30 -> 179 | F30: =D30/I30 -> 0.39811701 | G30: =G28+G29 -> 19.6 | H30: =G30/D30 -> 0.16554054 | I30: =I28+I29 -> 297.4 | J30: =C30/I30 -> 0.88365837 | S30: =S28+S29 -> 4 | T30: =T28+T29 -> 1477.2
A31: 2025-9/1~9/5 | B31: 印度/巴基斯坦 | C31: 89.2 | D31: 59.8 | E31: =I31-D31 -> 75 | F31: =D31/I31 -> 0.44362018 | G31: 6.6 | H31: =G31/D31 -> 0.11036789 | I31: 134.8 | J31: =C31/I31 -> 0.66172107 | S31: 0.6 | T31: 835 | U31: \N
A32: 2025-9/1~9/5 | B32: 印尼 | C32: 281 | D32: 91.6 | E32: =I32-D32 -> 162.6 | F32: =D32/I32 -> 0.36034618 | G32: 24.6 | H32: =G32/D32 -> 0.26855895 | I32: 254.2 | J32: =C32/I32 -> 1.1054288 | S32: 7.2 | T32: 2296.8 | U32: \N
A33: 2025-9/1~9/5 | B33: 总计 | C33: =C31+C32 -> 370.2 | D33: =D31+D32 -> 151.4 | E33: =I33-D33 -> 237.6 | F33: =D33/I33 -> 0.38920308 | G33: =G31+G32 -> 31.2 | H33: =G33/D33 -> 0.20607662 | I33: =I31+I32 -> 389 | J33: =C33/I33 -> 0.95167095 | S33: =S31+S32 -> 7.8 | T33: =T31+T32 -> 3131.8
A34: 2025-9/8~9/12 | B34: 印度/巴基斯坦 | C34: 129.6 | D34: 81.8 | E34: =I34-D34 -> 94.6 | F34: =D34/I34 -> 0.46371882 | G34: 10.4 | H34: =G34/D34 -> 0.12713936 | I34: 176.4 | J34: =C34/I34 -> 0.73469388 | S34: 0.8 | T34: 858 | U34: \N
A35: 2025-9/8~9/12 | B35: 印尼 | C35: 309.4 | D35: 145.8 | E35: =I35-D35 -> 145.4 | F35: =D35/I35 -> 0.50068681 | G35: 53.4 | H35: =G35/D35 -> 0.36625514 | I35: 291.2 | J35: =C35/I35 -> 1.0625 | S35: 11.8 | T35: 1298.4 | U35: \N
A36: 2025-9/8~9/12 | B36: 总计 | C36: =C34+C35 -> 439 | D36: =D34+D35 -> 227.6 | E36: =I36-D36 -> 240 | F36: =D36/I36 -> 0.4867408 | G36: =G34+G35 -> 63.8 | H36: =G36/D36 -> 0.28031634 | I36: =I34+I35 -> 467.6 | J36: =C36/I36 -> 0.93883661 | S36: =S34+S35 -> 12.6 | T36: =T34+T35 -> 2156.4
A37: 2025-9/15~9/19 | B37: 印度/巴基斯坦 | C37: 146.4 | D37: 79.4 | E37: =I37-D37 -> 102.8 | F37: =D37/I37 -> 0.43578485 | G37: 9.6 | H37: =G37/D37 -> 0.1209068 | I37: 182.2 | J37: =C37/I37 -> 0.80351262 | S37: 1.4 | T37: 807.8 | U37: \N
A38: 2025-9/15~9/19 | B38: 印尼 | C38: 217.8 | D38: 65.2 | E38: =I38-D38 -> 169.8 | F38: =D38/I38 -> 0.27744681 | G38: 15 | H38: =G38/D38 -> 0.23006135 | I38: 235 | J38: =C38/I38 -> 0.92680851 | S38: 5.8 | T38: 1100.6 | U38: \N
A39: 2025-9/15~9/19 | B39: 总计 | C39: =C37+C38 -> 364.2 | D39: =D37+D38 -> 144.6 | E39: =I39-D39 -> 272.6 | F39: =D39/I39 -> 0.34659636 | G39: =G37+G38 -> 24.6 | H39: =G39/D39 -> 0.17012448 | I39: =I37+I38 -> 417.2 | J39: =C39/I39 -> 0.87296261 | S39: =S37+S38 -> 7.2 | T39: =T37+T38 -> 1908.4
A40: 2025-9/22~9/26 | B40: 印度/巴基斯坦 | C40: 135.8 | D40: 91.8 | E40: =I40-D40 -> 106 | F40: =D40/I40 -> 0.46410516 | G40: 11.8 | H40: =G40/D40 -> 0.12854031 | I40: 197.8 | J40: =C40/I40 -> 0.68655207 | S40: 0.6 | T40: 783.8 | U40: \N
A41: 2025-9/22~9/26 | B41: 印尼 | C41: 241 | D41: 87.6 | E41: =I41-D41 -> 157.6 | F41: =D41/I41 -> 0.35725938 | G41: 18.2 | H41: =G41/D41 -> 0.20776256 | I41: 245.2 | J41: =C41/I41 -> 0.98287113 | S41: 13 | T41: 904 | U41: \N
A42: 2025-9/22~9/26 | B42: 总计 | C42: =C40+C41 -> 376.8 | D42: =D40+D41 -> 179.4 | E42: =I42-D42 -> 263.6 | F42: =D42/I42 -> 0.40496614 | G42: =G40+G41 -> 30 | H42: =G42/D42 -> 0.16722408 | I42: =I40+I41 -> 443 | J42: =C42/I42 -> 0.85056433 | S42: =S40+S41 -> 13.6 | T42: =T40+T41 -> 1687.8
A43: 2025-9/29~10/3 | B43: 印度/巴基斯坦 | C43: 104 | D43: 71.6 | E43: =I43-D43 -> 94.4 | F43: =D43/I43 -> 0.4313253 | G43: 7.8 | H43: =G43/D43 -> 0.10893855 | I43: 166 | J43: =C43/I43 -> 0.62650602 | S43: 1 | T43: 670.8 | U43: \N
A44: 2025-9/29~10/3 | B44: 印尼 | C44: 248.4 | D44: 108 | E44: =I44-D44 -> 164 | F44: =D44/I44 -> 0.39705882 | G44: 21.2 | H44: =G44/D44 -> 0.1962963 | I44: 272 | J44: =C44/I44 -> 0.91323529 | S44: 8.2 | T44: 886.6 | U44: \N
A45: 2025-9/29~10/3 | B45: 总计 | C45: =C43+C44 -> 352.4 | D45: =D43+D44 -> 179.6 | E45: =I45-D45 -> 258.4 | F45: =D45/I45 -> 0.41004566 | G45: =G43+G44 -> 29 | H45: =G45/D45 -> 0.16146993 | I45: =I43+I44 -> 438 | J45: =C45/I45 -> 0.80456621 | S45: =S43+S44 -> 9.2 | T45: =T43+T44 -> 1557.4
A46: 2025-10/6~10/10 | B46: 印度/巴基斯坦 | C46: 159.8 | D46: 76 | E46: =I46-D46 -> 112 | F46: =D46/I46 -> 0.40425532 | G46: 9.2 | H46: =G46/D46 -> 0.12105263 | I46: 188 | J46: =C46/I46 -> 0.85 | S46: 1 | T46: 750.6 | U46: \N
A47: 2025-10/6~10/10 | B47: 印尼 | C47: 220.8 | D47: 72.2 | E47: =I47-D47 -> 162.6 | F47: =D47/I47 -> 0.30749574 | G47: 13.2 | H47: =G47/D47 -> 0.18282548 | I47: 234.8 | J47: =C47/I47 -> 0.94037479 | S47: 5.6 | T47: 921.2 | U47: \N
A48: 2025-10/6~10/10 | B48: 总计 | C48: =C46+C47 -> 380.6 | D48: =D46+D47 -> 148.2 | E48: =I48-D48 -> 274.6 | F48: =D48/I48 -> 0.35052034 | G48: =G46+G47 -> 22.4 | H48: =G48/D48 -> 0.1511471 | I48: =I46+I47 -> 422.8 | J48: =C48/I48 -> 0.90018921 | S48: =S46+S47 -> 6.6 | T48: =T46+T47 -> 1671.8
A49: 2025-10/13~10/17 | B49: 印度/巴基斯坦 | C49: 116.4 | D49: 69.8 | E49: =I49-D49 -> 114.6 | F49: =D49/I49 -> 0.37852495 | G49: 8 | H49: =G49/D49 -> 0.11461318 | I49: 184.4 | J49: =C49/I49 -> 0.63123644 | S49: 1.2 | T49: 706.8 | U49: \N
A50: 2025-10/13~10/17 | B50: 印尼 | C50: 230.2 | D50: 72.8 | E50: =I50-D50 -> 160 | F50: =D50/I50 -> 0.31271478 | G50: 12.8 | H50: =G50/D50 -> 0.17582418 | I50: 232.8 | J50: =C50/I50 -> 0.98883162 | S50: 7.2 | T50: 871.4 | U50: 2
A51: 2025-10/13~10/17 | B51: 总计 | C51: =C49+C50 -> 346.6 | D51: =D49+D50 -> 142.6 | E51: =I51-D51 -> 274.6 | F51: =D51/I51 -> 0.34180249 | G51: =G49+G50 -> 20.8 | H51: =G51/D51 -> 0.14586255 | I51: =I49+I50 -> 417.2 | J51: =C51/I51 -> 0.83077661 | S51: =S49+S50 -> 8.4 | T51: =T49+T50 -> 1578.2 | X51: 高下载低次留 | AJ51: apple安装量急速下降
A52: 2025-10/20~10/24 | B52: 印度/巴基斯坦 | C52: 105.8 | D52: 75.8 | E52: =I52-D52 -> 102 | F52: =D52/I52 -> 0.42632171 | G52: 9.6 | H52: =G52/D52 -> 0.12664908 | I52: 177.8 | J52: =C52/I52 -> 0.59505062 | S52: 1.2 | T52: 637.2 | U52: \N
A53: 2025-10/20~10/24 | B53: 印尼 | C53: 205 | D53: 72.4 | E53: =I53-D53 -> 146.6 | F53: =D53/I53 -> 0.33059361 | G53: 12.4 | H53: =G53/D53 -> 0.17127072 | I53: 219 | J53: =C53/I53 -> 0.93607306 | S53: 4.6 | T53: 770.2 | U53: 2
A54: 2025-10/20~10/24 | B54: 总计 | C54: =C52+C53 -> 310.8 | D54: =D52+D53 -> 148.2 | E54: =I54-D54 -> 248.6 | F54: =D54/I54 -> 0.3734879 | G54: =G52+G53 -> 22 | H54: =G54/D54 -> 0.14844804 | I54: =I52+I53 -> 396.8 | J54: =C54/I54 -> 0.78326613 | S54: =S52+S53 -> 5.8 | T54: =T52+T53 -> 1407.4
A55: 2025-10/27~10/31 | B55: 印度/巴基斯坦 | C55: 127.6 | D55: 76.6 | E55: =I55-D55 -> 117.4 | F55: =D55/I55 -> 0.39484536 | G55: 7.6 | H55: =G55/D55 -> 0.09921671 | I55: 194 | J55: =C55/I55 -> 0.65773196 | S55: 0.4 | T55: 783 | U55: \N
A56: 2025-10/27~10/31 | B56: 印尼 | C56: 235.4 | D56: 105.8 | E56: =I56-D56 -> 161 | F56: =D56/I56 -> 0.39655172 | G56: 16.8 | H56: =G56/D56 -> 0.15879017 | I56: 266.8 | J56: =C56/I56 -> 0.88230885 | S56: 8 | T56: 975.2 | U56: 3
A57: 2025-10/27~10/31 | B57: 总计 | C57: =C55+C56 -> 363 | D57: =D55+D56 -> 182.4 | E57: =I57-D57 -> 278.4 | F57: =D57/I57 -> 0.39583333 | G57: =G55+G56 -> 24.4 | H57: =G57/D57 -> 0.13377193 | I57: =I55+I56 -> 460.8 | J57: =C57/I57 -> 0.78776042 | S57: =S55+S56 -> 8.4 | T57: =T55+T56 -> 1758.2
A58: 2025-11/3~11/7 | B58: 印度/巴基斯坦 | C58: 166.8 | D58: 141.8 | E58: =I58-D58 -> 111.6 | F58: =D58/I58 -> 0.55958958 | G58: 12.8 | H58: =G58/D58 -> 0.090267983 | I58: 253.4 | J58: =C58/I58 -> 0.65824783 | S58: 0.4 | T58: 817.2 | U58: \N
A59: 2025-11/3~11/7 | B59: 印尼 | C59: 224.2 | D59: 102 | E59: =I59-D59 -> 148.6 | F59: =D59/I59 -> 0.40702314 | G59: 15.4 | H59: =G59/D59 -> 0.15098039 | I59: 250.6 | J59: =C59/I59 -> 0.89465283 | S59: 11.2 | T59: 884.8 | U59: 1
A60: 2025-11/3~11/7 | B60: 总计 | C60: =C58+C59 -> 391 | D60: =D58+D59 -> 243.8 | E60: =I60-D60 -> 260.2 | F60: =D60/I60 -> 0.48373016 | G60: =G58+G59 -> 28.2 | H60: =G60/D60 -> 0.11566858 | I60: =I58+I59 -> 504 | J60: =C60/I60 -> 0.77579365 | S60: =S58+S59 -> 11.6 | T60: =T58+T59 -> 1702
A61: 2025-11/10~11/14 | B61: 印度/巴基斯坦 | C61: 168.4 | D61: 158.6 | E61: =I61-D61 -> 141.6 | F61: =D61/I61 -> 0.52831446 | G61: 13.6 | H61: =G61/D61 -> 0.085750315 | I61: 300.2 | J61: =C61/I61 -> 0.56095936 | S61: 0.6 | T61: 751 | U61: \N
A62: 2025-11/10~11/14 | B62: 印尼 | C62: 268.4 | D62: 101.6 | E62: =I62-D62 -> 168.6 | F62: =D62/I62 -> 0.37601776 | G62: 14.8 | H62: =G62/D62 -> 0.14566929 | I62: 270.2 | J62: =C62/I62 -> 0.99333827 | S62: 9.2 | T62: 987.6 | U62: 3.4
A63: 2025-11/10~11/14 | B63: 总计 | C63: =C61+C62 -> 436.8 | D63: =D61+D62 -> 260.2 | E63: =I63-D63 -> 310.2 | F63: =D63/I63 -> 0.45617111 | G63: =G61+G62 -> 28.4 | H63: =G63/D63 -> 0.10914681 | I63: =I61+I62 -> 570.4 | J63: =C63/I63 -> 0.7657784 | S63: =S61+S62 -> 9.8 | T63: =T61+T62 -> 1738.6
A64: 2025-11/17~11/21 | B64: 印度/巴基斯坦 | C64: 196.6 | D64: 112.2 | E64: =I64-D64 -> 141.4 | F64: =D64/I64 -> 0.44242902 | G64: 13.4 | H64: =G64/D64 -> 0.11942959 | I64: 253.6 | J64: =C64/I64 -> 0.77523659 | S64: 0.6 | T64: 950.6 | U64: \N
A65: 2025-11/17~11/21 | B65: 印尼 | C65: 335.8 | D65: 120 | E65: =I65-D65 -> 208.4 | F65: =D65/I65 -> 0.36540804 | G65: 24.8 | H65: =G65/D65 -> 0.20666667 | I65: 328.4 | J65: =C65/I65 -> 1.0225335 | S65: 8.6 | T65: 1604.2 | U65: 3.4
A66: 2025-11/17~11/21 | B66: 总计 | C66: =C64+C65 -> 532.4 | D66: =D64+D65 -> 232.2 | E66: =I66-D66 -> 349.8 | F66: =D66/I66 -> 0.39896907 | G66: =G64+G65 -> 38.2 | H66: =G66/D66 -> 0.16451335 | I66: =I64+I65 -> 582 | J66: =C66/I66 -> 0.91477663 | S66: =S64+S65 -> 9.2 | T66: =T64+T65 -> 2554.8
A67: 2025-11/24~11/28 | B67: 印度/巴基斯坦 | C67: 168.4 | D67: 88 | E67: =I67-D67 -> 139.8 | F67: =D67/I67 -> 0.38630378 | G67: 11.4 | H67: =G67/D67 -> 0.12954545 | I67: 227.8 | J67: =C67/I67 -> 0.73924495 | S67: 0.6 | T67: 837.6 | U67: \N
A68: 2025-11/24~11/28 | B68: 印尼 | C68: 323.6 | D68: 100.2 | E68: =I68-D68 -> 217.8 | F68: =D68/I68 -> 0.31509434 | G68: 19.4 | H68: =G68/D68 -> 0.19361277 | I68: 318 | J68: =C68/I68 -> 1.0176101 | S68: 6.2 | T68: 1268.8 | U68: 5.6
A69: 2025-11/24~11/28 | B69: 总计 | C69: =C67+C68 -> 492 | D69: =D67+D68 -> 188.2 | E69: =I69-D69 -> 357.6 | F69: =D69/I69 -> 0.34481495 | G69: =G67+G68 -> 30.8 | H69: =G69/D69 -> 0.16365569 | I69: =I67+I68 -> 545.8 | J69: =C69/I69 -> 0.90142909 | S69: =S67+S68 -> 6.8 | T69: =T67+T68 -> 2106.4
A70: 2025-12/1~12/5 | B70: 印度/巴基斯坦 | C70: 186.6 | D70: 91 | E70: =I70-D70 -> 149.2 | F70: =D70/I70 -> 0.37885096 | G70: 15.6 | H70: =G70/D70 -> 0.17142857 | I70: 240.2 | J70: =C70/I70 -> 0.77685262 | S70: 0.4 | T70: 778.8 | U70: 1.2 | V70: =U70/T70 -> 0.001540832
A71: 2025-12/1~12/5 | B71: 印尼 | C71: 245.2 | D71: 70.4 | E71: =I71-D71 -> 204 | F71: =D71/I71 -> 0.25655977 | G71: 16.8 | H71: =G71/D71 -> 0.23863636 | I71: 274.4 | J71: =C71/I71 -> 0.89358601 | S71: 5.6 | T71: 1264.8 | U71: 3.6 | V71: =U71/T71 -> 0.0028462998
A72: 2025-12/1~12/5 | B72: 总计 | C72: =C70+C71 -> 431.8 | D72: =D70+D71 -> 161.4 | E72: =I72-D72 -> 353.2 | F72: =D72/I72 -> 0.31364166 | G72: =G70+G71 -> 32.4 | H72: =G72/D72 -> 0.20074349 | I72: =I70+I71 -> 514.6 | J72: =C72/I72 -> 0.83909833 | S72: =S70+S71 -> 6 | T72: =T70+T71 -> 2043.6 | U72: =U70+U71 -> 4.8 | V72: =U72/T72 -> 0.0023487962
A73: 2025-12/8~12/12 | B73: 印度/巴基斯坦 | C73: 172.6 | D73: 86.8 | E73: =I73-D73 -> 150.6 | F73: =D73/I73 -> 0.36562763 | G73: 8.4 | H73: =G73/D73 -> 0.096774194 | I73: 237.4 | J73: =C73/I73 -> 0.72704297 | S73: 1 | T73: 720.4 | U73: 2.2 | V73: =U73/T73 -> 0.003053859
A74: 2025-12/8~12/12 | B74: 印尼 | C74: 189.6 | D74: 78.2 | E74: =I74-D74 -> 201.4 | F74: =D74/I74 -> 0.27968526 | G74: 14 | H74: =G74/D74 -> 0.17902813 | I74: 279.6 | J74: =C74/I74 -> 0.67811159 | S74: 7.2 | T74: 1018.8 | U74: 2.4 | V74: =U74/T74 -> 0.0023557126
A75: 2025-12/8~12/12 | B75: 总计 | C75: =C73+C74 -> 362.2 | D75: =D73+D74 -> 165 | E75: =I75-D75 -> 352 | F75: =D75/I75 -> 0.31914894 | G75: =G73+G74 -> 22.4 | H75: =G75/D75 -> 0.13575758 | I75: =I73+I74 -> 517 | J75: =C75/I75 -> 0.70058027 | S75: =S73+S74 -> 8.2 | T75: =T73+T74 -> 1739.2 | U75: =U73+U74 -> 4.6 | V75: =U75/T75 -> 0.0026448942
A76: 2025-12/15~12/19 | B76: 印度/巴基斯坦 | C76: 171 | D76: 93.6 | E76: =I76-D76 -> 155 | F76: =D76/I76 -> 0.37650845 | G76: 14.6 | H76: =G76/D76 -> 0.15598291 | I76: 248.6 | J76: =C76/I76 -> 0.68785197 | S76: 0.8 | T76: 795.6 | U76: 2.8 | V76: =U76/T76 -> 0.0035193565
A77: 2025-12/15~12/19 | B77: 印尼 | C77: 271.4 | D77: 76.4 | E77: =I77-D77 -> 181 | F77: =D77/I77 -> 0.2968143 | G77: 15 | H77: =G77/D77 -> 0.19633508 | I77: 257.4 | J77: =C77/I77 -> 1.0543901 | S77: 5.8 | T77: 1257.6 | U77: 3.4 | V77: =U77/T77 -> 0.0027035623
A78: 2025-12/15~12/19 | B78: 总计 | C78: =C76+C77 -> 442.4 | D78: =D76+D77 -> 170 | E78: =I78-D78 -> 336 | F78: =D78/I78 -> 0.33596838 | G78: =G76+G77 -> 29.6 | H78: =G78/D78 -> 0.17411765 | I78: =I76+I77 -> 506 | J78: =C78/I78 -> 0.8743083 | S78: =S76+S77 -> 6.6 | T78: =T76+T77 -> 2053.2 | U78: =U76+U77 -> 6.2 | V78: =U78/T78 -> 0.0030196766
A79: 2025-12/22~12/26 | B79: 印度/巴基斯坦 | C79: 163.6 | D79: 95.6 | E79: =I79-D79 -> 132.4 | F79: =D79/I79 -> 0.41929825 | G79: 11.2 | H79: =G79/D79 -> 0.11715481 | I79: 228 | J79: =C79/I79 -> 0.71754386 | S79: 0.6 | T79: 766.8 | U79: 3.6 | V79: =U79/T79 -> 0.0046948357
A80: 2025-12/22~12/26 | B80: 印尼 | C80: 229.4 | D80: 69.8 | E80: =I80-D80 -> 167 | F80: =D80/I80 -> 0.29476351 | G80: 14.4 | H80: =G80/D80 -> 0.20630372 | I80: 236.8 | J80: =C80/I80 -> 0.96875 | S80: 6 | T80: 1173.6 | U80: 1.4 | V80: =U80/T80 -> 0.0011929107
A81: 2025-12/22~12/26 | B81: 总计 | C81: =C79+C80 -> 393 | D81: =D79+D80 -> 165.4 | E81: =I81-D81 -> 299.4 | F81: =D81/I81 -> 0.35585198 | G81: =G79+G80 -> 25.6 | H81: =G81/D81 -> 0.1547763 | I81: =I79+I80 -> 464.8 | J81: =C81/I81 -> 0.84552496 | S81: =S79+S80 -> 6.6 | T81: =T79+T80 -> 1940.4 | U81: =U79+U80 -> 5 | V81: =U81/T81 -> 0.0025767883
A82: 2025-12/29~2026-1/2 | B82: 印度/巴基斯坦 | C82: 158.4 | D82: 75.2 | E82: =I82-D82 -> 131.6 | F82: =D82/I82 -> 0.36363636 | G82: 8.2 | H82: =G82/D82 -> 0.10904255 | I82: 206.8 | J82: =C82/I82 -> 0.76595745 | S82: 0.4 | T82: 725 | U82: 1.4 | V82: =U82/T82 -> 0.0019310345
A83: 2025-12/29~2026-1/2 | B83: 印尼 | C83: 247.2 | D83: 74.2 | E83: =I83-D83 -> 168 | F83: =D83/I83 -> 0.30635838 | G83: 17 | H83: =G83/D83 -> 0.22911051 | I83: 242.2 | J83: =C83/I83 -> 1.0206441 | S83: 7.2 | T83: 1059 | U83: 4.6 | V83: =U83/T83 -> 0.0043437205
A84: 2025-12/29~2026-1/2 | B84: 总计 | C84: =C82+C83 -> 405.6 | D84: =D82+D83 -> 149.4 | E84: =I84-D84 -> 299.6 | F84: =D84/I84 -> 0.33273942 | G84: =G82+G83 -> 25.2 | H84: =G84/D84 -> 0.1686747 | I84: =I82+I83 -> 449 | J84: =C84/I84 -> 0.90334076 | S84: =S82+S83 -> 7.6 | T84: =T82+T83 -> 1784 | U84: =U82+U83 -> 6 | V84: =U84/T84 -> 0.0033632287
A85: 2026-1/5~1/9 | B85: 印度/巴基斯坦 | C85: 189.6 | D85: 77.2 | E85: =I85-D85 -> 158.8 | F85: =D85/I85 -> 0.32711864 | G85: 7 | H85: =G85/D85 -> 0.090673575 | I85: 236 | J85: =C85/I85 -> 0.80338983 | S85: 1 | T85: 979.2 | U85: 2.4 | V85: =U85/T85 -> 0.0024509804
A86: 2026-1/5~1/9 | B86: 印尼 | C86: 276 | D86: 76.8 | E86: =I86-D86 -> 191 | F86: =D86/I86 -> 0.28678118 | G86: 13.8 | H86: =G86/D86 -> 0.1796875 | I86: 267.8 | J86: =C86/I86 -> 1.0306199 | S86: 5 | T86: 1054.6 | U86: 2.6 | V86: =U86/T86 -> 0.0024653897
A87: 2026-1/5~1/9 | B87: 总计 | C87: =C85+C86 -> 465.6 | D87: =D85+D86 -> 154 | E87: =I87-D87 -> 349.8 | F87: =D87/I87 -> 0.30567686 | G87: =G85+G86 -> 20.8 | H87: =G87/D87 -> 0.13506494 | I87: =I85+I86 -> 503.8 | J87: =C87/I87 -> 0.92417626 | S87: =S85+S86 -> 6 | T87: =T85+T86 -> 2033.8 | U87: =U85+U86 -> 5 | V87: =U87/T87 -> 0.0024584522
A88: 2026-1/12~1/16 | B88: 印度/巴基斯坦 | C88: 174.8 | D88: 80.8 | E88: =I88-D88 -> 171.2 | F88: =D88/I88 -> 0.32063492 | G88: 10.6 | H88: =G88/D88 -> 0.13118812 | I88: 252 | J88: =C88/I88 -> 0.69365079 | S88: 1.2 | T88: 868.4 | U88: 2.2 | V88: =U88/T88 -> 0.0025333947
A89: 2026-1/12~1/16 | B89: 印尼 | C89: 265 | D89: 108.2 | E89: =I89-D89 -> 169.8 | F89: =D89/I89 -> 0.38920863 | G89: 13.6 | H89: =G89/D89 -> 0.12569316 | I89: 278 | J89: =C89/I89 -> 0.95323741 | S89: 7 | T89: 1047.8 | U89: 1.8 | V89: =U89/T89 -> 0.0017178851
A90: 2026-1/12~1/16 | B90: 总计 | C90: =C88+C89 -> 439.8 | D90: =D88+D89 -> 189 | E90: =I90-D90 -> 341 | F90: =D90/I90 -> 0.35660377 | G90: =G88+G89 -> 24.2 | H90: =G90/D90 -> 0.12804233 | I90: =I88+I89 -> 530 | J90: =C90/I90 -> 0.82981132 | S90: =S88+S89 -> 8.2 | T90: =T88+T89 -> 1916.2 | U90: =U88+U89 -> 4 | V90: =U90/T90 -> 0.0020874648
A91: 2026-1/19~1/23 | B91: 印度/巴基斯坦 | C91: 200 | D91: 76.4 | E91: =I91-D91 -> 175.4 | F91: =D91/I91 -> 0.30341541 | G91: 8.6 | H91: =G91/D91 -> 0.11256545 | I91: 251.8 | J91: =C91/I91 -> 0.79428118 | S91: 1.4 | T91: 910.2 | U91: 2.8 | V91: =U91/T91 -> 0.003076247
A92: 2026-1/19~1/23 | B92: 印尼 | C92: 270.6 | D92: 110.6 | E92: =I92-D92 -> 163 | F92: =D92/I92 -> 0.40423977 | G92: 12.6 | H92: =G92/D92 -> 0.11392405 | I92: 273.6 | J92: =C92/I92 -> 0.98903509 | S92: 5.2 | T92: 1019 | U92: 1.8 | V92: =U92/T92 -> 0.0017664377
A93: 2026-1/19~1/23 | B93: 总计 | C93: =C91+C92 -> 470.6 | D93: =D91+D92 -> 187 | E93: =I93-D93 -> 338.4 | F93: =D93/I93 -> 0.3559193 | G93: =G91+G92 -> 21.2 | H93: =G93/D93 -> 0.11336898 | I93: =I91+I92 -> 525.4 | J93: =C93/I93 -> 0.89569852 | S93: =S91+S92 -> 6.6 | T93: =T91+T92 -> 1929.2 | U93: =U91+U92 -> 4.6 | V93: =U93/T93 -> 0.002384408
A94: 2026-1/26~1/30 | B94: 印度/巴基斯坦 | C94: 179 | D94: 54 | E94: =I94-D94 -> 212.8 | F94: =D94/I94 -> 0.2023988 | G94: 7.2 | H94: =G94/D94 -> 0.13333333 | I94: 266.8 | J94: =C94/I94 -> 0.67091454 | S94: 0.4 | T94: 954 | U94: 1.6 | V94: =U94/T94 -> 0.0016771488
A95: 2026-1/26~1/30 | B95: 印尼 | C95: 240.8 | D95: 106.2 | E95: =I95-D95 -> 156 | F95: =D95/I95 -> 0.40503432 | G95: 14 | H95: =G95/D95 -> 0.13182674 | I95: 262.2 | J95: =C95/I95 -> 0.91838291 | S95: 5 | T95: 850.2 | U95: 2.4 | V95: =U95/T95 -> 0.0028228652
A96: 2026-1/26~1/30 | B96: 总计 | C96: =C94+C95 -> 419.8 | D96: =D94+D95 -> 160.2 | E96: =I96-D96 -> 368.8 | F96: =D96/I96 -> 0.30283554 | G96: =G94+G95 -> 21.2 | H96: =G96/D96 -> 0.13233458 | I96: =I94+I95 -> 529 | J96: =C96/I96 -> 0.79357278 | S96: =S94+S95 -> 5.4 | T96: =T94+T95 -> 1804.2 | U96: =U94+U95 -> 4 | V96: =U96/T96 -> 0.0022170491
A97: 2026-2/2~2/6 | B97: 印度/巴基斯坦 | C97: 138.8 | D97: 59.2 | E97: =I97-D97 -> 198.4 | F97: =D97/I97 -> 0.22981366 | G97: 6.2 | H97: =G97/D97 -> 0.10472973 | I97: 257.6 | J97: =C97/I97 -> 0.53881988 | S97: 0.6 | T97: 653.8 | U97: 2.2 | V97: =U97/T97 -> 0.0033649434
A98: 2026-2/2~2/6 | B98: 印尼 | C98: 234.2 | D98: 85.2 | E98: =I98-D98 -> 149.8 | F98: =D98/I98 -> 0.36255319 | G98: 12.6 | H98: =G98/D98 -> 0.14788732 | I98: 235 | J98: =C98/I98 -> 0.99659574 | S98: 7.2 | T98: 894.6 | U98: 1.8 | V98: =U98/T98 -> 0.0020120724
A99: 2026-2/2~2/6 | B99: 总计 | C99: =C97+C98 -> 373 | D99: =D97+D98 -> 144.4 | E99: =I99-D99 -> 348.2 | F99: =D99/I99 -> 0.29313845 | G99: =G97+G98 -> 18.8 | H99: =G99/D99 -> 0.13019391 | I99: =I97+I98 -> 492.6 | J99: =C99/I99 -> 0.75720666 | S99: =S97+S98 -> 7.8 | T99: =T97+T98 -> 1548.4 | U99: =U97+U98 -> 4 | V99: =U99/T99 -> 0.0025833118 | X99: 北极星与老用户的占比波动 | AJ99: apple的访问下载页面也急速下降
A100: 2026-2/9~2/13 | B100: 印度/巴基斯坦 | C100: 187.4 | D100: 85.8 | E100: =I100-D100 -> 165.6 | F100: =D100/I100 -> 0.34128878 | G100: 10.2 | H100: =G100/D100 -> 0.11888112 | I100: 251.4 | J100: =C100/I100 -> 0.74542562 | S100: 1 | T100: 998 | U100: 2.4 | V100: =U100/T100 -> 0.0024048096
...

Sheet APP转化
E2: BI(基础数据日活) | F2: BI | I2: BI | L2: BI | M2: BI手动 | O2: BI | P2: BI手动(所有搜索框触发用户量) | R2: BI | T2: BI | V2: BI | W2: BI手动(icon) | Y2: BI | Z2: BI手动
I3: 商业内容 | L3: VPS活跃 | O3: 交易商搜索量 | R3: 交易商详情页 | T3: 交易商详情页外跳 | V3: 曝光内容 | Y3: 新闻内容
A4: 周数 | B4: 地区 | C4: 自然小BU | D4: 自然北极星 | E4: 日活 | F4: 访问7点位去重复人数 | G4: 7点位去重复人数/日活 | H4: 事件总数/7点位去重复人数 | I4: 商业页面访问数 | J4: 商业频道首页访问数 | K4: 商业/（日活+频道首页） | L4: VPS页面访问数 | M4: VPS频道首页访问数 | N4: VPS/（日活+频道首页） | O4: 搜索页面访问数 | P4: 搜索框访问量 | Q4: 搜索/（日活+频道首页） | R4: 交易商页面访问数 | S4: 交访/日活率 | T4: 交易商外跳点击数 | U4: 外跳/交访率 | V4: 曝光页面访问数 | W4: 曝光频道首页访问数 | X4: 曝光/（日活+频道首页） | Y4: 新闻页面访问数 | Z4: 新闻频道首页访问数 | AA4: 新闻/（日活+频道首页）
A5: 2025-6/30~7/4 | B5: 印度/巴基斯坦 | D5: 78.4 | E5: 123 | F5: 62.2 | G5: =F5/E5 -> 0.50569106 | H5: =(I5+L5+O5+R5+T5+V5+Y5)/F5 -> 1.5176849 | I5: 7.6 | J5: 8.4 | K5: =I5/(E5+J5) -> 0.057838661 | L5: 8.2 | M5: 6.2 | N5: =L5/(E5+M5) -> 0.063467492 | O5: 16.2 | P5: 29.6 | Q5: =O5/(E5+P5) -> 0.1061599 | R5: 38.6 | S5: =R5/E5 -> 0.31382114 | T5: 3.4 | U5: =T5/R5 -> 0.088082902 | V5: 2.4 | W5: 0 | X5: =V5/(E5+W5) -> 0.019512195 | Y5: 18 | Z5: 3.6 | AA5: =Y5/E5 -> 0.14634146
A6: 2025-6/30~7/4 | B6: 印尼 | D6: 64.2 | E6: 101 | F6: 68.2 | G6: =F6/E6 -> 0.67524752 | H6: =(I6+L6+O6+R6+T6+V6+Y6)/F6 -> 1.7653959 | I6: 5.6 | J6: 8 | K6: =I6/(E6+J6) -> 0.051376147 | L6: 15 | M6: 8.6 | N6: =L6/(E6+M6) -> 0.13686131 | O6: 11.6 | P6: 26.4 | Q6: =O6/(E6+P6) -> 0.091051805 | R6: 46.4 | S6: =R6/E6 -> 0.45940594 | T6: 16.2 | U6: =T6/R6 -> 0.34913793 | V6: 8.2 | W6: 0 | X6: =V6/(E6+W6) -> 0.081188119 | Y6: 17.4 | Z6: 3 | AA6: =Y6/E6 -> 0.17227723
A7: 2025-6/30~7/4 | B7: 总计 | D7: =D5+D6 -> 142.6 | E7: =E5+E6 -> 224 | F7: =F5+F6 -> 130.4 | G7: =F7/E7 -> 0.58214286 | H7: =(I7+L7+O7+R7+T7+V7+Y7)/F7 -> 1.6472393 | I7: =I5+I6 -> 13.2 | J7: =J5+J6 -> 16.4 | K7: =I7/(E7+J7) -> 0.054908486 | L7: =L5+L6 -> 23.2 | M7: =M5+M6 -> 14.8 | N7: =L7/(E7+M7) -> 0.097152429 | O7: =O5+O6 -> 27.8 | P7: =P5+P6 -> 56 | Q7: =O7/(E7+P7) -> 0.099285714 | R7: =R5+R6 -> 85 | S7: =R7/E7 -> 0.37946429 | T7: =T5+T6 -> 19.6 | U7: =T7/R7 -> 0.23058824 | V7: =V5+V6 -> 10.6 | W7: =W5+W6 -> 0 | X7: =V7/(E7+W7) -> 0.047321429 | Y7: =Y5+Y6 -> 35.4 | Z7: =Z5+Z6 -> 6.6 | AA7: =Y7/(E7+Z7) -> 0.15351258
A8: 2025-7/7~7/11 | B8: 印度/巴基斯坦 | D8: 96.2 | E8: 127.2 | F8: 60.8 | G8: =F8/E8 -> 0.47798742 | H8: =(I8+L8+O8+R8+T8+V8+Y8)/F8 -> 1.625 | I8: 6.2 | J8: 7.8 | K8: =I8/(E8+J8) -> 0.045925926 | L8: 7.4 | M8: 6 | N8: =L8/(E8+M8) -> 0.055555556 | O8: 14.8 | P8: 32.6 | Q8: =O8/(E8+P8) -> 0.09261577 | R8: 42.2 | S8: =R8/E8 -> 0.33176101 | T8: 5.6 | U8: =T8/R8 -> 0.13270142 | V8: 4.2 | W8: 0 | X8: =V8/(E8+W8) -> 0.033018868 | Y8: 18.4 | Z8: 4.8 | AA8: =Y8/E8 -> 0.14465409
A9: 2025-7/7~7/11 | B9: 印尼 | D9: 75 | E9: 108 | F9: 73.6 | G9: =F9/E9 -> 0.68148148 | H9: =(I9+L9+O9+R9+T9+V9+Y9)/F9 -> 1.8722826 | I9: 7.8 | J9: 10.8 | K9: =I9/(E9+J9) -> 0.065656566 | L9: 17.8 | M9: 10.4 | N9: =L9/(E9+M9) -> 0.15033784 | O9: 15.2 | P9: 27.4 | Q9: =O9/(E9+P9) -> 0.11225997 | R9: 51.8 | S9: =R9/E9 -> 0.47962963 | T9: 14.8 | U9: =T9/R9 -> 0.28571429 | V9: 11 | W9: 0 | X9: =V9/(E9+W9) -> 0.10185185 | Y9: 19.4 | Z9: 4.8 | AA9: =Y9/E9 -> 0.17962963
A10: 2025-7/7~7/11 | B10: 总计 | D10: =D8+D9 -> 171.2 | E10: =E8+E9 -> 235.2 | F10: =F8+F9 -> 134.4 | G10: =F10/E10 -> 0.57142857 | H10: =(I10+L10+O10+R10+T10+V10+Y10)/F10 -> 1.7604167 | I10: =I8+I9 -> 14 | J10: =J8+J9 -> 18.6 | K10: =I10/(E10+J10) -> 0.055161545 | L10: =L8+L9 -> 25.2 | M10: =M8+M9 -> 16.4 | N10: =L10/(E10+M10) -> 0.10015898 | O10: =O8+O9 -> 30 | P10: =P8+P9 -> 60 | Q10: =O10/(E10+P10) -> 0.10162602 | R10: =R8+R9 -> 94 | S10: =R10/E10 -> 0.39965986 | T10: =T8+T9 -> 20.4 | U10: =T10/R10 -> 0.21702128 | V10: =V8+V9 -> 15.2 | W10: =W8+W9 -> 0 | X10: =V10/(E10+W10) -> 0.06462585 | Y10: =Y8+Y9 -> 37.8 | Z10: =Z8+Z9 -> 9.6 | AA10: =Y10/(E10+Z10) -> 0.15441176
A11: 2025-7/14~7/18 | B11: 印度/巴基斯坦 | D11: 114.8 | E11: 141 | F11: 79.8 | G11: =F11/E11 -> 0.56595745 | H11: =(I11+L11+O11+R11+T11+V11+Y11)/F11 -> 1.5714286 | I11: 9.6 | J11: 10.4 | K11: =I11/(E11+J11) -> 0.06340819 | L11: 8.4 | M11: 6.8 | N11: =L11/(E11+M11) -> 0.056833559 | O11: 20.6 | P11: 41.4 | Q11: =O11/(E11+P11) -> 0.1129386 | R11: 50.8 | S11: =R11/E11 -> 0.36028369 | T11: 9 | U11: =T11/R11 -> 0.17716535 | V11: 5 | W11: 0.2 | X11: =V11/(E11+W11) -> 0.035410765 | Y11: 22 | Z11: 4.2 | AA11: =Y11/E11 -> 0.15602837
A12: 2025-7/14~7/18 | B12: 印尼 | D12: 102 | E12: 132.4 | F12: 86.6 | G12: =F12/E12 -> 0.65407855 | H12: =(I12+L12+O12+R12+T12+V12+Y12)/F12 -> 1.7921478 | I12: 8.2 | J12: 13.4 | K12: =I12/(E12+J12) -> 0.056241427 | L12: 19.8 | M12: 12.8 | N12: =L12/(E12+M12) -> 0.13636364 | O12: 14.4 | P12: 37.2 | Q12: =O12/(E12+P12) -> 0.08490566 | R12: 60.6 | S12: =R12/E12 -> 0.45770393 | T12: 16.4 | U12: =T12/R12 -> 0.27062706 | V12: 12.4 | W12: 0 | X12: =V12/(E12+W12) -> 0.093655589 | Y12: 23.4 | Z12: 5.4 | AA12: =Y12/E12 -> 0.17673716
A13: 2025-7/14~7/18 | B13: 总计 | D13: =D11+D12 -> 216.8 | E13: =E11+E12 -> 273.4 | F13: =F11+F12 -> 166.4 | G13: =F13/E13 -> 0.60863204 | H13: =(I13+L13+O13+R13+T13+V13+Y13)/F13 -> 1.6862981 | I13: =I11+I12 -> 17.8 | J13: =J11+J12 -> 23.8 | K13: =I13/(E13+J13) -> 0.059892328 | L13: =L11+L12 -> 28.2 | M13: =M11+M12 -> 19.6 | N13: =L13/(E13+M13) -> 0.096245734 | O13: =O11+O12 -> 35 | P13: =P11+P12 -> 78.6 | Q13: =O13/(E13+P13) -> 0.099431818 | R13: =R11+R12 -> 111.4 | S13: =R13/E13 -> 0.40746159 | T13: =T11+T12 -> 25.4 | U13: =T13/R13 -> 0.22800718 | V13: =V11+V12 -> 17.4 | W13: =W11+W12 -> 0.2 | X13: =V13/(E13+W13) -> 0.063596491 | Y13: =Y11+Y12 -> 45.4 | Z13: =Z11+Z12 -> 9.6 | AA13: =Y13/(E13+Z13) -> 0.16042403
A14: 2025-7/21~7/25 | B14: 印度/巴基斯坦 | D14: 84.4 | E14: 134.8 | F14: 70.6 | G14: =F14/E14 -> 0.52373887 | H14: =(I14+L14+O14+R14+T14+V14+Y14)/F14 -> 1.5750708 | I14: 8 | J14: 10.6 | K14: =I14/(E14+J14) -> 0.055020633 | L14: 5.8 | M14: 4.6 | N14: =L14/(E14+M14) -> 0.041606887 | O14: 14.4 | P14: 33.4 | Q14: =O14/(E14+P14) -> 0.085612366 | R14: 46 | S14: =R14/E14 -> 0.34124629 | T14: 4.4 | U14: =T14/R14 -> 0.095652174 | V14: 6.6 | W14: 0 | X14: =V14/(E14+W14) -> 0.048961424 | Y14: 26 | Z14: 3.6 | AA14: =Y14/E14 -> 0.19287834
A15: 2025-7/21~7/25 | B15: 印尼 | D15: 98.6 | E15: 127.4 | F15: 82 | G15: =F15/E15 -> 0.64364207 | H15: =(I15+L15+O15+R15+T15+V15+Y15)/F15 -> 1.7365854 | I15: 9.2 | J15: 12 | K15: =I15/(E15+J15) -> 0.065997131 | L15: 17.6 | M15: 12.8 | N15: =L15/(E15+M15) -> 0.12553495 | O15: 13.6 | P15: 31.6 | Q15: =O15/(E15+P15) -> 0.085534591 | R15: 57.4 | S15: =R15/E15 -> 0.45054945 | T15: 17 | U15: =T15/R15 -> 0.29616725 | V15: 8.6 | W15: 0.2 | X15: =V15/(E15+W15) -> 0.067398119 | Y15: 19 | Z15: 3 | AA15: =Y15/E15 -> 0.14913658
A16: 2025-7/21~7/25 | B16: 总计 | D16: =D14+D15 -> 183 | E16: =E14+E15 -> 262.2 | F16: =F14+F15 -> 152.6 | G16: =F16/E16 -> 0.58199847 | H16: =(I16+L16+O16+R16+T16+V16+Y16)/F16 -> 1.6618611 | I16: =I14+I15 -> 17.2 | J16: =J14+J15 -> 22.6 | K16: =I16/(E16+J16) -> 0.060393258 | L16: =L14+L15 -> 23.4 | M16: =M14+M15 -> 17.4 | N16: =L16/(E16+M16) -> 0.083690987 | O16: =O14+O15 -> 28 | P16: =P14+P15 -> 65 | Q16: =O16/(E16+P16) -> 0.085574572 | R16: =R14+R15 -> 103.4 | S16: =R16/E16 -> 0.39435545 | T16: =T14+T15 -> 21.4 | U16: =T16/R16 -> 0.20696325 | V16: =V14+V15 -> 15.2 | W16: =W14+W15 -> 0.2 | X16: =V16/(E16+W16) -> 0.057926829 | Y16: =Y14+Y15 -> 45 | Z16: =Z14+Z15 -> 6.6 | AA16: =Y16/(E16+Z16) -> 0.16741071
A17: 2025-7/28~8/1 | B17: 印度/巴基斯坦 | D17: 109.2 | E17: 152.4 | F17: 75 | G17: =F17/E17 -> 0.49212598 | H17: =(I17+L17+O17+R17+T17+V17+Y17)/F17 -> 1.6106667 | I17: 8.2 | J17: 9.8 | K17: =I17/(E17+J17) -> 0.050554871 | L17: 8.4 | M17: 6.8 | N17: =L17/(E17+M17) -> 0.052763819 | O17: 20.2 | P17: 40 | Q17: =O17/(E17+P17) -> 0.1049896 | R17: 48 | S17: =R17/E17 -> 0.31496063 | T17: 6.2 | U17: =T17/R17 -> 0.12916667 | V17: 6.2 | W17: 0 | X17: =V17/(E17+W17) -> 0.040682415 | Y17: 23.6 | Z17: 4.4 | AA17: =Y17/E17 -> 0.15485564
A18: 2025-7/28~8/1 | B18: 印尼 | D18: 107.4 | E18: 132.8 | F18: 86.6 | G18: =F18/E18 -> 0.65210843 | H18: =(I18+L18+O18+R18+T18+V18+Y18)/F18 -> 1.6812933 | I18: 8.2 | J18: 11.8 | K18: =I18/(E18+J18) -> 0.05670816 | L18: 20.8 | M18: 13.6 | N18: =L18/(E18+M18) -> 0.1420765 | O18: 12 | P18: 33.4 | Q18: =O18/(E18+P18) -> 0.072202166 | R18: 57.8 | S18: =R18/E18 -> 0.43524096 | T18: 18.2 | U18: =T18/R18 -> 0.31487889 | V18: 7.2 | W18: 0.2 | X18: =V18/(E18+W18) -> 0.054135338 | Y18: 21.4 | Z18: 4.6 | AA18: =Y18/E18 -> 0.16114458
A19: 2025-7/28~8/1 | B19: 总计 | D19: =D17+D18 -> 216.6 | E19: =E17+E18 -> 285.2 | F19: =F17+F18 -> 161.6 | G19: =F19/E19 -> 0.56661992 | H19: =(I19+L19+O19+R19+T19+V19+Y19)/F19 -> 1.6485149 | I19: =I17+I18 -> 16.4 | J19: =J17+J18 -> 21.6 | K19: =I19/(E19+J19) -> 0.05345502 | L19: =L17+L18 -> 29.2 | M19: =M17+M18 -> 20.4 | N19: =L19/(E19+M19) -> 0.095549738 | O19: =O17+O18 -> 32.2 | P19: =P17+P18 -> 73.4 | Q19: =O19/(E19+P19) -> 0.089793642 | R19: =R17+R18 -> 105.8 | S19: =R19/E19 -> 0.37096774 | T19: =T17+T18 -> 24.4 | U19: =T19/R19 -> 0.23062382 | V19: =V17+V18 -> 13.4 | W19: =W17+W18 -> 0.2 | X19: =V19/(E19+W19) -> 0.046951647 | Y19: =Y17+Y18 -> 45 | Z19: =Z17+Z18 -> 9 | AA19: =Y19/(E19+Z19) -> 0.15295717
A20: 2025-8/4~8/8 | B20: 印度/巴基斯坦 | D20: 104.6 | E20: 135 | F20: 70 | G20: =F20/E20 -> 0.51851852 | H20: =(I20+L20+O20+R20+T20+V20+Y20)/F20 -> 1.6142857 | I20: 8.2 | J20: 6.4 | K20: =I20/(E20+J20) -> 0.057991513 | L20: 9 | M20: 7 | N20: =L20/(E20+M20) -> 0.063380282 | O20: 16.4 | P20: 35.2 | Q20: =O20/(E20+P20) -> 0.096357227 | R20: 45 | S20: =R20/E20 -> 0.33333333 | T20: 4.8 | U20: =T20/R20 -> 0.10666667 | V20: 6.2 | W20: 0.2 | X20: =V20/(E20+W20) -> 0.045857988 | Y20: 23.4 | Z20: 3.4 | AA20: =Y20/E20 -> 0.17333333
A21: 2025-8/4~8/8 | B21: 印尼 | D21: 117 | E21: 124.2 | F21: 85.8 | G21: =F21/E21 -> 0.69082126 | H21: =(I21+L21+O21+R21+T21+V21+Y21)/F21 -> 1.7948718 | I21: 9 | J21: 10.4 | K21: =I21/(E21+J21) -> 0.066864785 | L21: 20.2 | M21: 14.4 | N21: =L21/(E21+M21) -> 0.14574315 | O21: 14.2 | P21: 34 | Q21: =O21/(E21+P21) -> 0.089759798 | R21: 62.6 | S21: =R21/E21 -> 0.50402576 | T21: 14.6 | U21: =T21/R21 -> 0.23322684 | V21: 13 | W21: 0 | X21: =V21/(E21+W21) -> 0.10466989 | Y21: 20.4 | Z21: 4.2 | AA21: =Y21/E21 -> 0.16425121
A22: 2025-8/4~8/8 | B22: 总计 | D22: =D20+D21 -> 221.6 | E22: =E20+E21 -> 259.2 | F22: =F20+F21 -> 155.8 | G22: =F22/E22 -> 0.60108025 | H22: =(I22+L22+O22+R22+T22+V22+Y22)/F22 -> 1.7137356 | I22: =I20+I21 -> 17.2 | J22: =J20+J21 -> 16.8 | K22: =I22/(E22+J22) -> 0.062318841 | L22: =L20+L21 -> 29.2 | M22: =M20+M21 -> 21.4 | N22: =L22/(E22+M22) -> 0.10406272 | O22: =O20+O21 -> 30.6 | P22: =P20+P21 -> 69.2 | Q22: =O22/(E22+P22) -> 0.09317905 | R22: =R20+R21 -> 107.6 | S22: =R22/E22 -> 0.41512346 | T22: =T20+T21 -> 19.4 | U22: =T22/R22 -> 0.1802974 | V22: =V20+V21 -> 19.2 | W22: =W20+W21 -> 0.2 | X22: =V22/(E22+W22) -> 0.074016962 | Y22: =Y20+Y21 -> 43.8 | Z22: =Z20+Z21 -> 7.6 | AA22: =Y22/(E22+Z22) -> 0.16416792
A23: 2025-8/11~8/15 | B23: 印度/巴基斯坦 | D23: 122.8 | E23: 116.6 | F23: 63 | G23: =F23/E23 -> 0.54030875 | H23: =(I23+L23+O23+R23+T23+V23+Y23)/F23 -> 1.7460317 | I23: 5 | J23: 8 | K23: =I23/(E23+J23) -> 0.040128411 | L23: 6 | M23: 4.4 | N23: =L23/(E23+M23) -> 0.049586777 | O23: 19.8 | P23: 38.4 | Q23: =O23/(E23+P23) -> 0.12774194 | R23: 46.2 | S23: =R23/E23 -> 0.39622642 | T23: 6.2 | U23: =T23/R23 -> 0.13419913 | V23: 6.4 | W23: 0 | X23: =V23/(E23+W23) -> 0.054888508 | Y23: 20.4 | Z23: 4 | AA23: =Y23/E23 -> 0.17495712
A24: 2025-8/11~8/15 | B24: 印尼 | D24: 98 | E24: 114.2 | F24: 81.6 | G24: =F24/E24 -> 0.7145359 | H24: =(I24+L24+O24+R24+T24+V24+Y24)/F24 -> 1.7303922 | I24: 4.8 | J24: 9 | K24: =I24/(E24+J24) -> 0.038961039 | L24: 25.4 | M24: 14.4 | N24: =L24/(E24+M24) -> 0.19751166 | O24: 10.8 | P24: 32.8 | Q24: =O24/(E24+P24) -> 0.073469388 | R24: 53 | S24: =R24/E24 -> 0.46409807 | T24: 13.6 | U24: =T24/R24 -> 0.25660377 | V24: 13.4 | W24: 0.2 | X24: =V24/(E24+W24) -> 0.11713287 | Y24: 20.2 | Z24: 3 | AA24: =Y24/E24 -> 0.17688266
A25: 2025-8/11~8/15 | B25: 总计 | D25: =D23+D24 -> 220.8 | E25: =E23+E24 -> 230.8 | F25: =F23+F24 -> 144.6 | G25: =F25/E25 -> 0.62651646 | H25: =(I25+L25+O25+R25+T25+V25+Y25)/F25 -> 1.7372061 | I25: =I23+I24 -> 9.8 | J25: =J23+J24 -> 17 | K25: =I25/(E25+J25) -> 0.039548023 | L25: =L23+L24 -> 31.4 | M25: =M23+M24 -> 18.8 | N25: =L25/(E25+M25) -> 0.12580128 | O25: =O23+O24 -> 30.6 | P25: =P23+P24 -> 71.2 | Q25: =O25/(E25+P25) -> 0.1013245 | R25: =R23+R24 -> 99.2 | S25: =R25/E25 -> 0.42980936 | T25: =T23+T24 -> 19.8 | U25: =T25/R25 -> 0.19959677 | V25: =V23+V24 -> 19.8 | W25: =W23+W24 -> 0.2 | X25: =V25/(E25+W25) -> 0.085714286 | Y25: =Y23+Y24 -> 40.6 | Z25: =Z23+Z24 -> 7 | AA25: =Y25/(E25+Z25) -> 0.17073171
A26: 2025-8/18~8/22 | B26: 印度/巴基斯坦 | D26: 109.2 | E26: 137.8 | F26: 74.4 | G26: =F26/E26 -> 0.53991292 | H26: =(I26+L26+O26+R26+T26+V26+Y26)/F26 -> 1.6102151 | I26: 6.4 | J26: 9.6 | K26: =I26/(E26+J26) -> 0.043419267 | L26: 9.8 | M26: 7.6 | N26: =L26/(E26+M26) -> 0.067400275 | O26: 15.4 | P26: 37.6 | Q26: =O26/(E26+P26) -> 0.087799316 | R26: 48 | S26: =R26/E26 -> 0.34833091 | T26: 7.8 | U26: =T26/R26 -> 0.1625 | V26: 4.4 | W26: 0 | X26: =V26/(E26+W26) -> 0.031930334 | Y26: 28 | Z26: 5.2 | AA26: =Y26/E26 -> 0.20319303
A27: 2025-8/18~8/22 | B27: 印尼 | D27: 105.8 | E27: 105.2 | F27: 73.6 | G27: =F27/E27 -> 0.69961977 | H27: =(I27+L27+O27+R27+T27+V27+Y27)/F27 -> 1.6956522 | I27: 6.4 | J27: 8.2 | K27: =I27/(E27+J27) -> 0.05643739 | L27: 19.6 | M27: 13.4 | N27: =L27/(E27+M27) -> 0.16526138 | O27: 11.6 | P27: 29.6 | Q27: =O27/(E27+P27) -> 0.086053412 | R27: 50.8 | S27: =R27/E27 -> 0.48288973 | T27: 11.6 | U27: =T27/R27 -> 0.22834646 | V27: 8 | W27: 0 | X27: =V27/(E27+W27) -> 0.076045627 | Y27: 16.8 | Z27: 3.2 | AA27: =Y27/E27 -> 0.15969582
A28: 2025-8/18~8/22 | B28: 总计 | D28: =D26+D27 -> 215 | E28: =E26+E27 -> 243 | F28: =F26+F27 -> 148 | G28: =F28/E28 -> 0.6090535 | H28: =(I28+L28+O28+R28+T28+V28+Y28)/F28 -> 1.6527027 | I28: =I26+I27 -> 12.8 | J28: =J26+J27 -> 17.8 | K28: =I28/(E28+J28) -> 0.049079755 | L28: =L26+L27 -> 29.4 | M28: =M26+M27 -> 21 | N28: =L28/(E28+M28) -> 0.11136364 | O28: =O26+O27 -> 27 | P28: =P26+P27 -> 67.2 | Q28: =O28/(E28+P28) -> 0.087040619 | R28: =R26+R27 -> 98.8 | S28: =R28/E28 -> 0.40658436 | T28: =T26+T27 -> 19.4 | U28: =T28/R28 -> 0.19635628 | V28: =V26+V27 -> 12.4 | W28: =W26+W27 -> 0 | X28: =V28/(E28+W28) -> 0.051028807 | Y28: =Y26+Y27 -> 44.8 | Z28: =Z26+Z27 -> 8.4 | AA28: =Y28/(E28+Z28) -> 0.17820207
A29: 2025-8/25~8/29 | B29: 印度/巴基斯坦 | D29: 121.4 | E29: 131.4 | F29: 77.2 | G29: =F29/E29 -> 0.58751903 | H29: =(I29+L29+O29+R29+T29+V29+Y29)/F29 -> 1.6036269 | I29: 7.4 | J29: 7.8 | K29: =I29/(E29+J29) -> 0.05316092 | L29: 9.8 | M29: 7.4 | N29: =L29/(E29+M29) -> 0.070605187 | O29: 20 | P29: 45.8 | Q29: =O29/(E29+P29) -> 0.11286682 | R29: 52.6 | S29: =R29/E29 -> 0.40030441 | T29: 7.4 | U29: =T29/R29 -> 0.14068441 | V29: 5.4 | W29: 0 | X29: =V29/(E29+W29) -> 0.04109589 | Y29: 21.2 | Z29: 3.2 | AA29: =Y29/E29 -> 0.16133942
A30: 2025-8/25~8/29 | B30: 印尼 | D30: 116.8 | E30: 119.2 | F30: 80.2 | G30: =F30/E30 -> 0.67281879 | H30: =(I30+L30+O30+R30+T30+V30+Y30)/F30 -> 1.8054863 | I30: 5.4 | J30: 9 | K30: =I30/(E30+J30) -> 0.042121685 | L30: 21.6 | M30: 14.2 | N30: =L30/(E30+M30) -> 0.16191904 | O30: 10.2 | P30: 31.4 | Q30: =O30/(E30+P30) -> 0.067729084 | R30: 55.6 | S30: =R30/E30 -> 0.46644295 | T30: 13.6 | U30: =T30/R30 -> 0.24460432 | V30: 15 | W30: 0 | X30: =V30/(E30+W30) -> 0.12583893 | Y30: 23.4 | Z30: 4 | AA30: =Y30/E30 -> 0.19630872
A31: 2025-8/25~8/29 | B31: 总计 | D31: =D29+D30 -> 238.2 | E31: =E29+E30 -> 250.6 | F31: =F29+F30 -> 157.4 | G31: =F31/E31 -> 0.62809258 | H31: =(I31+L31+O31+R31+T31+V31+Y31)/F31 -> 1.7064803 | I31: =I29+I30 -> 12.8 | J31: =J29+J30 -> 16.8 | K31: =I31/(E31+J31) -> 0.047868362 | L31: =L29+L30 -> 31.4 | M31: =M29+M30 -> 21.6 | N31: =L31/(E31+M31) -> 0.11535636 | O31: =O29+O30 -> 30.2 | P31: =P29+P30 -> 77.2 | Q31: =O31/(E31+P31) -> 0.092129347 | R31: =R29+R30 -> 108.2 | S31: =R31/E31 -> 0.43176377 | T31: =T29+T30 -> 21 | U31: =T31/R31 -> 0.19408503 | V31: =V29+V30 -> 20.4 | W31: =W29+W30 -> 0 | X31: =V31/(E31+W31) -> 0.081404629 | Y31: =Y29+Y30 -> 44.6 | Z31: =Z29+Z30 -> 7.2 | AA31: =Y31/(E31+Z31) -> 0.17300233
A32: 2025-9/1~9/5 | B32: 印度/巴基斯坦 | D32: 110.2 | E32: 134.8 | F32: 70.6 | G32: =F32/E32 -> 0.52373887 | H32: =(I32+L32+O32+R32+T32+V32+Y32)/F32 -> 1.5977337 | I32: 5.2 | J32: 8.2 | K32: =I32/(E32+J32) -> 0.036363636 | L32: 8.2 | M32: 5.8 | N32: =L32/(E32+M32) -> 0.058321479 | O32: 20.2 | P32: 39.4 | Q32: =O32/(E32+P32) -> 0.11595867 | R32: 47.8 | S32: =R32/E32 -> 0.35459941 | T32: 7 | U32: =T32/R32 -> 0.14644351 | V32: 4.8 | W32: 0 | X32: =V32/(E32+W32) -> 0.035608309 | Y32: 19.6 | Z32: 3.2 | AA32: =Y32/E32 -> 0.14540059
A33: 2025-9/1~9/5 | B33: 印尼 | D33: 89.2 | E33: 124.8 | F33: 83.4 | G33: =F33/E33 -> 0.66826923 | H33: =(I33+L33+O33+R33+T33+V33+Y33)/F33 -> 1.7482014 | I33: 6 | J33: 10.6 | K33: =I33/(E33+J33) -> 0.044313146 | L33: 25.8 | M33: 19.2 | N33: =L33/(E33+M33) -> 0.17916667 | O33: 13.6 | P33: 31 | Q33: =O33/(E33+P33) -> 0.087291399 | R33: 53.8 | S33: =R33/E33 -> 0.43108974 | T33: 15.8 | U33: =T33/R33 -> 0.2936803 | V33: 11.4 | W33: 0.4 | X33: =V33/(E33+W33) -> 0.091054313 | Y33: 19.4 | Z33: 3 | AA33: =Y33/E33 -> 0.15544872
A34: 2025-9/1~9/5 | B34: 总计 | D34: =D32+D33 -> 199.4 | E34: =E32+E33 -> 259.6 | F34: =F32+F33 -> 154 | G34: =F34/E34 -> 0.59322034 | H34: =(I34+L34+O34+R34+T34+V34+Y34)/F34 -> 1.6792208 | I34: =I32+I33 -> 11.2 | J34: =J32+J33 -> 18.8 | K34: =I34/(E34+J34) -> 0.040229885 | L34: =L32+L33 -> 34 | M34: =M32+M33 -> 25 | N34: =L34/(E34+M34) -> 0.11946592 | O34: =O32+O33 -> 33.8 | P34: =P32+P33 -> 70.4 | Q34: =O34/(E34+P34) -> 0.10242424 | R34: =R32+R33 -> 101.6 | S34: =R34/E34 -> 0.39137134 | T34: =T32+T33 -> 22.8 | U34: =T34/R34 -> 0.22440945 | V34: =V32+V33 -> 16.2 | W34: =W32+W33 -> 0.4 | X34: =V34/(E34+W34) -> 0.062307692 | Y34: =Y32+Y33 -> 39 | Z34: =Z32+Z33 -> 6.2 | AA34: =Y34/(E34+Z34) -> 0.14672686
A35: 2025-9/8~9/12 | B35: 印度/巴基斯坦 | D35: 128.4 | E35: 176.4 | F35: 101.4 | G35: =F35/E35 -> 0.57482993 | H35: =(I35+L35+O35+R35+T35+V35+Y35)/F35 -> 1.556213 | I35: 11.4 | J35: 12.2 | K35: =I35/(E35+J35) -> 0.060445387 | L35: 11 | M35: 9 | N35: =L35/(E35+M35) -> 0.059331176 | O35: 28 | P35: 56.2 | Q35: =O35/(E35+P35) -> 0.12037833 | R35: 66.2 | S35: =R35/E35 -> 0.37528345 | T35: 7.6 | U35: =T35/R35 -> 0.11480363 | V35: 4.6 | W35: 0 | X35: =V35/(E35+W35) -> 0.026077098 | Y35: 29 | Z35: 4.6 | AA35: =Y35/E35 -> 0.16439909
A36: 2025-9/8~9/12 | B36: 印尼 | D36: 129.6 | E36: 133.8 | F36: 94.4 | G36: =F36/E36 -> 0.70553064 | H36: =(I36+L36+O36+R36+T36+V36+Y36)/F36 -> 1.7881356 | I36: 9.4 | J36: 11.8 | K36: =I36/(E36+J36) -> 0.06456044 | L36: 31 | M36: 22.6 | N36: =L36/(E36+M36) -> 0.19820972 | O36: 14.8 | P36: 36.6 | Q36: =O36/(E36+P36) -> 0.08685446 | R36: 59.4 | S36: =R36/E36 -> 0.44394619 | T36: 18.2 | U36: =T36/R36 -> 0.30639731 | V36: 11 | W36: 0.4 | X36: =V36/(E36+W36) -> 0.081967213 | Y36: 25 | Z36: 4 | AA36: =Y36/E36 -> 0.18684604
A37: 2025-9/8~9/12 | B37: 总计 | D37: =D35+D36 -> 258 | E37: =E35+E36 -> 310.2 | F37: =F35+F36 -> 195.8 | G37: =F37/E37 -> 0.63120567 | H37: =(I37+L37+O37+R37+T37+V37+Y37)/F37 -> 1.6680286 | I37: =I35+I36 -> 20.8 | J37: =J35+J36 -> 24 | K37: =I37/(E37+J37) -> 0.062238181 | L37: =L35+L36 -> 42 | M37: =M35+M36 -> 31.6 | N37: =L37/(E37+M37) -> 0.12287888 | O37: =O35+O36 -> 42.8 | P37: =P35+P36 -> 92.8 | Q37: =O37/(E37+P37) -> 0.10620347 | R37: =R35+R36 -> 125.6 | S37: =R37/E37 -> 0.40490006 | T37: =T35+T36 -> 25.8 | U37: =T37/R37 -> 0.20541401 | V37: =V35+V36 -> 15.6 | W37: =W35+W36 -> 0.4 | X37: =V37/(E37+W37) -> 0.05022537 | Y37: =Y35+Y36 -> 54 | Z37: =Z35+Z36 -> 8.6 | AA37: =Y37/(E37+Z37) -> 0.16938519
A38: 2025-9/15~9/19 | B38: 印度/巴基斯坦 | D38: 171 | E38: 182.2 | F38: 105 | G38: =F38/E38 -> 0.57628979 | H38: =(I38+L38+O38+R38+T38+V38+Y38)/F38 -> 1.6133333 | I38: 10 | J38: 14 | K38: =I38/(E38+J38) -> 0.0509684 | L38: 14.6 | M38: 11.4 | N38: =L38/(E38+M38) -> 0.075413223 | O38: 26.4 | P38: 57 | Q38: =O38/(E38+P38) -> 0.11036789 | R38: 70 | S38: =R38/E38 -> 0.38419319 | T38: 9.2 | U38: =T38/R38 -> 0.13142857 | V38: 7.6 | W38: 0 | X38: =V38/(E38+W38) -> 0.041712404 | Y38: 31.6 | Z38: 7.4 | AA38: =Y38/E38 -> 0.17343578
A39: 2025-9/15~9/19 | B39: 印尼 | D39: 146.4 | E39: 167.4 | F39: 116.4 | G39: =F39/E39 -> 0.6953405 | H39: =(I39+L39+O39+R39+T39+V39+Y39)/F39 -> 1.8591065 | I39: 11.2 | J39: 16.2 | K39: =I39/(E39+J39) -> 0.061002179 | L39: 33.2 | M39: 24.8 | N39: =L39/(E39+M39) -> 0.17273673 | O39: 16 | P39: 42.8 | Q39: =O39/(E39+P39) -> 0.076117983 | R39: 79 | S39: =R39/E39 -> 0.47192354 | T39: 21.2 | U39: =T39/R39 -> 0.26835443 | V39: 14.4 | W39: 0 | X39: =V39/(E39+W39) -> 0.086021505 | Y39: 41.4 | Z39: 5.6 | AA39: =Y39/E39 -> 0.24731183
A40: 2025-9/15~9/19 | B40: 总计 | D40: =D38+D39 -> 317.4 | E40: =E38+E39 -> 349.6 | F40: =F38+F39 -> 221.4 | G40: =F40/E40 -> 0.63329519 | H40: =(I40+L40+O40+R40+T40+V40+Y40)/F40 -> 1.7425474 | I40: =I38+I39 -> 21.2 | J40: =J38+J39 -> 30.2 | K40: =I40/(E40+J40) -> 0.055818852 | L40: =L38+L39 -> 47.8 | M40: =M38+M39 -> 36.2 | N40: =L40/(E40+M40) -> 0.12389839 | O40: =O38+O39 -> 42.4 | P40: =P38+P39 -> 99.8 | Q40: =O40/(E40+P40) -> 0.09434802 | R40: =R38+R39 -> 149 | S40: =R40/E40 -> 0.42620137 | T40: =T38+T39 -> 30.4 | U40: =T40/R40 -> 0.20402685 | V40: =V38+V39 -> 22 | W40: =W38+W39 -> 0 | X40: =V40/(E40+W40) -> 0.062929062 | Y40: =Y38+Y39 -> 73 | Z40: =Z38+Z39 -> 13 | AA40: =Y40/(E40+Z40) -> 0.20132377
A41: 2025-9/22~9/26 | B41: 印度/巴基斯坦 | D41: 146 | E41: 197.8 | F41: 112 | G41: =F41/E41 -> 0.56622851 | H41: =(I41+L41+O41+R41+T41+V41+Y41)/F41 -> 1.6107143 | I41: 10 | J41: 14.2 | K41: =I41/(E41+J41) -> 0.047169811 | L41: 11.8 | M41: 9.6 | N41: =L41/(E41+M41) -> 0.056894889 | O41: 32.8 | P41: 63 | Q41: =O41/(E41+P41) -> 0.12576687 | R41: 76.2 | S41: =R41/E41 -> 0.38523761 | T41: 11.2 | U41: =T41/R41 -> 0.14698163 | V41: 8 | W41: 0.2 | X41: =V41/(E41+W41) -> 0.04040404 | Y41: 30.4 | Z41: 7.4 | AA41: =Y41/E41 -> 0.1536906
A42: 2025-9/22~9/26 | B42: 印尼 | D42: 135.8 | E42: 166 | F42: 111.2 | G42: =F42/E42 -> 0.66987952 | H42: =(I42+L42+O42+R42+T42+V42+Y42)/F42 -> 1.7535971 | I42: 15.6 | J42: 17.6 | K42: =I42/(E42+J42) -> 0.08496732 | L42: 36.4 | M42: 26 | N42: =L42/(E42+M42) -> 0.18958333 | O42: 13.8 | P42: 39.8 | Q42: =O42/(E42+P42) -> 0.067055394 | R42: 74.4 | S42: =R42/E42 -> 0.44819277 | T42: 18.2 | U42: =T42/R42 -> 0.24462366 | V42: 9.8 | W42: 0 | X42: =V42/(E42+W42) -> 0.059036145 | Y42: 26.8 | Z42: 6.2 | AA42: =Y42/E42 -> 0.16144578
A43: 2025-9/22~9/26 | B43: 总计 | D43: =D41+D42 -> 281.8 | E43: =E41+E42 -> 363.8 | F43: =F41+F42 -> 223.2 | G43: =F43/E43 -> 0.61352391 | H43: =(I43+L43+O43+R43+T43+V43+Y43)/F43 -> 1.6818996 | I43: =I41+I42 -> 25.6 | J43: =J41+J42 -> 31.8 | K43: =I43/(E43+J43) -> 0.06471183 | L43: =L41+L42 -> 48.2 | M43: =M41+M42 -> 35.6 | N43: =L43/(E43+M43) -> 0.12068102 | O43: =O41+O42 -> 46.6 | P43: =P41+P42 -> 102.8 | Q43: =O43/(E43+P43) -> 0.09987141 | R43: =R41+R42 -> 150.6 | S43: =R43/E43 -> 0.41396372 | T43: =T41+T42 -> 29.4 | U43: =T43/R43 -> 0.19521912 | V43: =V41+V42 -> 17.8 | W43: =W41+W42 -> 0.2 | X43: =V43/(E43+W43) -> 0.048901099 | Y43: =Y41+Y42 -> 57.2 | Z43: =Z41+Z42 -> 13.6 | AA43: =Y43/(E43+Z43) -> 0.15156333
A44: 2025-9/29~10/3 | B44: 印度/巴基斯坦 | D44: 104 | E44: 166 | F44: 89.8 | G44: =F44/E44 -> 0.54096386 | H44: =(I44+L44+O44+R44+T44+V44+Y44)/F44 -> 1.5389755 | I44: 7.2 | J44: 8.4 | K44: =I44/(E44+J44) -> 0.041284404 | L44: 11.4 | M44: 8.8 | N44: =L44/(E44+M44) -> 0.065217391 | O44: 26.6 | P44: 53 | Q44: =O44/(E44+P44) -> 0.12146119 | R44: 60.6 | S44: =R44/E44 -> 0.36506024 | T44: 7 | U44: =T44/R44 -> 0.11551155 | V44: 7.6 | W44: 0.2 | X44: =V44/(E44+W44) -> 0.045728039 | Y44: 17.8 | Z44: 4 | AA44: =Y44/E44 -> 0.10722892
A45: 2025-9/29~10/3 | B45: 印尼 | D45: 145 | E45: 154.8 | F45: 108.6 | G45: =F45/E45 -> 0.70155039 | H45: =(I45+L45+O45+R45+T45+V45+Y45)/F45 -> 1.7200737 | I45: 9.6 | J45: 12.8 | K45: =I45/(E45+J45) -> 0.057279236 | L45: 36.8 | M45: 26.2 | N45: =L45/(E45+M45) -> 0.20331492 | O45: 13.8 | P45: 37.4 | Q45: =O45/(E45+P45) -> 0.071800208 | R45: 70.8 | S45: =R45/E45 -> 0.45736434 | T45: 18.4 | U45: =T45/R45 -> 0.25988701 | V45: 11.6 | W45: 0.6 | X45: =V45/(E45+W45) -> 0.074646075 | Y45: 25.8 | Z45: 4.2 | AA45: =Y45/E45 -> 0.16666667
A46: 2025-9/29~10/3 | B46: 总计 | D46: =D44+D45 -> 249 | E46: =E44+E45 -> 320.8 | F46: =F44+F45 -> 198.4 | G46: =F46/E46 -> 0.61845387 | H46: =(I46+L46+O46+R46+T46+V46+Y46)/F46 -> 1.6381048 | I46: =I44+I45 -> 16.8 | J46: =J44+J45 -> 21.2 | K46: =I46/(E46+J46) -> 0.049122807 | L46: =L44+L45 -> 48.2 | M46: =M44+M45 -> 35 | N46: =L46/(E46+M46) -> 0.13546936 | O46: =O44+O45 -> 40.4 | P46: =P44+P45 -> 90.4 | Q46: =O46/(E46+P46) -> 0.098249027 | R46: =R44+R45 -> 131.4 | S46: =R46/E46 -> 0.409601 | T46: =T44+T45 -> 25.4 | U46: =T46/R46 -> 0.19330289 | V46: =V44+V45 -> 19.2 | W46: =W44+W45 -> 0.8 | X46: =V46/(E46+W46) -> 0.059701493 | Y46: =Y44+Y45 -> 43.6 | Z46: =Z44+Z45 -> 8.2 | AA46: =Y46/(E46+Z46) -> 0.1325228
A47: 2025-10/6~10/10 | B47: 印度/巴基斯坦 | D47: 159.8 | E47: 188 | F47: 104.4 | G47: =F47/E47 -> 0.55531915 | H47: =(I47+L47+O47+R47+T47+V47+Y47)/F47 -> 1.5938697 | I47: 7.2 | J47: 10.8 | K47: =I47/(E47+J47) -> 0.036217304 | L47: 12.2 | M47: 10.8 | N47: =L47/(E47+M47) -> 0.061368209 | O47: 30.4 | P47: 62.2 | Q47: =O47/(E47+P47) -> 0.1215028 | R47: 69.4 | S47: =R47/E47 -> 0.36914894 | T47: 9.8 | U47: =T47/R47 -> 0.14121037 | V47: 7.6 | W47: 0 | X47: =V47/(E47+W47) -> 0.040425532 | Y47: 29.8 | Z47: 4.2 | AA47: =Y47/E47 -> 0.15851064
A48: 2025-10/6~10/10 | B48: 印尼 | D48: 166 | E48: 160.4 | F48: 116 | G48: =F48/E48 -> 0.72319202 | H48: =(I48+L48+O48+R48+T48+V48+Y48)/F48 -> 1.7448276 | I48: 9.6 | J48: 14.2 | K48: =I48/(E48+J48) -> 0.054982818 | L48: 31.8 | M48: 19.8 | N48: =L48/(E48+M48) -> 0.17647059 | O48: 19.2 | P48: 45.2 | Q48: =O48/(E48+P48) -> 0.093385214 | R48: 77.6 | S48: =R48/E48 -> 0.48379052 | T48: 19 | U48: =T48/R48 -> 0.24484536 | V48: 14.8 | W48: 0 | X48: =V48/(E48+W48) -> 0.092269327 | Y48: 30.4 | Z48: 5.4 | AA48: =Y48/E48 -> 0.18952618
A49: 2025-10/6~10/10 | B49: 总计 | D49: =D47+D48 -> 325.8 | E49: =E47+E48 -> 348.4 | F49: =F47+F48 -> 220.4 | G49: =F49/E49 -> 0.6326062 | H49: =(I49+L49+O49+R49+T49+V49+Y49)/F49 -> 1.6733212 | I49: =I47+I48 -> 16.8 | J49: =J47+J48 -> 25 | K49: =I49/(E49+J49) -> 0.044991966 | L49: =L47+L48 -> 44 | M49: =M47+M48 -> 30.6 | N49: =L49/(E49+M49) -> 0.11609499 | O49: =O47+O48 -> 49.6 | P49: =P47+P48 -> 107.4 | Q49: =O49/(E49+P49) -> 0.10881966 | R49: =R47+R48 -> 147 | S49: =R49/E49 -> 0.42192882 | T49: =T47+T48 -> 28.8 | U49: =T49/R49 -> 0.19591837 | V49: =V47+V48 -> 22.4 | W49: =W47+W48 -> 0 | X49: =V49/(E49+W49) -> 0.064293915 | Y49: =Y47+Y48 -> 60.2 | Z49: =Z47+Z48 -> 9.6 | AA49: =Y49/(E49+Z49) -> 0.16815642
A50: 2025-10/13~10/17 | B50: 印度/巴基斯坦 | D50: 281 | E50: 184.4 | F50: 105 | G50: =F50/E50 -> 0.56941432 | H50: =(I50+L50+O50+R50+T50+V50+Y50)/F50 -> 1.5942857 | I50: 5.6 | J50: 9.4 | K50: =I50/(E50+J50) -> 0.028895769 | L50: 14 | M50: 10.6 | N50: =L50/(E50+M50) -> 0.071794872 | O50: 30.2 | P50: 58 | Q50: =O50/(E50+P50) -> 0.12458746 | R50: 67.4 | S50: =R50/E50 -> 0.36550976 | T50: 8.6 | U50: =T50/R50 -> 0.12759644 | V50: 8 | W50: 0.2 | X50: =V50/(E50+W50) -> 0.043336945 | Y50: 33.6 | Z50: 5 | AA50: =Y50/E50 -> 0.18221258
A51: 2025-10/13~10/17 | B51: 印尼 | D51: 116.4 | E51: 254.2 | F51: 204.6 | G51: =F51/E51 -> 0.80487805 | H51: =(I51+L51+O51+R51+T51+V51+Y51)/F51 -> 1.9687195 | I51: 22.4 | J51: 25.4 | K51: =I51/(E51+J51) -> 0.080114449 | L51: 43.6 | M51: 29 | N51: =L51/(E51+M51) -> 0.1539548 | O51: 32 | P51: 91.6 | Q51: =O51/(E51+P51) -> 0.09253904 | R51: 166.8 | S51: =R51/E51 -> 0.65617624 | T51: 48 | U51: =T51/R51 -> 0.28776978 | V51: 35.4 | W51: 0.6 | X51: =V51/(E51+W51) -> 0.1389325 | Y51: 54.6 | Z51: 11 | AA51: =Y51/E51 -> 0.2147915
A52: 2025-10/13~10/17 | B52: 总计 | D52: =D50+D51 -> 397.4 | E52: =E50+E51 -> 438.6 | F52: =F50+F51 -> 309.6 | G52: =F52/E52 -> 0.70588235 | H52: =(I52+L52+O52+R52+T52+V52+Y52)/F52 -> 1.8417313 | I52: =I50+I51 -> 28 | J52: =J50+J51 -> 34.8 | K52: =I52/(E52+J52) -> 0.059146599 | L52: =L50+L51 -> 57.6 | M52: =M50+M51 -> 39.6 | N52: =L52/(E52+M52) -> 0.12045169 | O52: =O50+O51 -> 62.2 | P52: =P50+P51 -> 149.6 | Q52: =O52/(E52+P52) -> 0.10574634 | R52: =R50+R51 -> 234.2 | S52: =R52/E52 -> 0.53397173 | T52: =T50+T51 -> 56.6 | U52: =T52/R52 -> 0.24167378 | V52: =V50+V51 -> 43.4 | W52: =W50+W51 -> 0.8 | X52: =V52/(E52+W52) -> 0.098771051 | Y52: =Y50+Y51 -> 88.2 | Z52: =Z50+Z51 -> 16 | AA52: =Y52/(E52+Z52) -> 0.19401672
A53: 2025-10/20~10/24 | B53: 印度/巴基斯坦 | D53: 309.4 | E53: 177.8 | F53: 90.4 | G53: =F53/E53 -> 0.50843645 | H53: =(I53+L53+O53+R53+T53+V53+Y53)/F53 -> 1.5685841 | I53: 9.4 | J53: 12.6 | K53: =I53/(E53+J53) -> 0.049369748 | L53: 13.2 | M53: 10.8 | N53: =L53/(E53+M53) -> 0.069989396 | O53: 25.2 | P53: 51 | Q53: =O53/(E53+P53) -> 0.11013986 | R53: 59 | S53: =R53/E53 -> 0.33183352 | T53: 7.8 | U53: =T53/R53 -> 0.13220339 | V53: 6.2 | W53: 0 | X53: =V53/(E53+W53) -> 0.034870641 | Y53: 21 | Z53: 4.8 | AA53: =Y53/E53 -> 0.11811024
A54: 2025-10/20~10/24 | B54: 印尼 | D54: 105.8 | E54: 291.2 | F54: 215.4 | G54: =F54/E54 -> 0.7396978 | H54: =(I54+L54+O54+R54+T54+V54+Y54)/F54 -> 1.8950789 | I54: 24.4 | J54: 40.2 | K54: =I54/(E54+J54) -> 0.073627037 | L54: 59.4 | M54: 44.6 | N54: =L54/(E54+M54) -> 0.17689101 | O54: 40.4 | P54: 104.6 | Q54: =O54/(E54+P54) -> 0.10207175 | R54: 154 | S54: =R54/E54 -> 0.52884615 | T54: 37.2 | U54: =T54/R54 -> 0.24155844 | V54: 20.6 | W54: 0 | X54: =V54/(E54+W54) -> 0.070741758 | Y54: 72.2 | Z54: 17.2 | AA54: =Y54/E54 -> 0.24793956
A55: 2025-10/20~10/24 | B55: 总计 | D55: =D53+D54 -> 415.2 | E55: =E53+E54 -> 469 | F55: =F53+F54 -> 305.8 | G55: =F55/E55 -> 0.65202559 | H55: =(I55+L55+O55+R55+T55+V55+Y55)/F55 -> 1.7985612 | I55: =I53+I54 -> 33.8 | J55: =J53+J54 -> 52.8 | K55: =I55/(E55+J55) -> 0.064775776 | L55: =L53+L54 -> 72.6 | M55: =M53+M54 -> 55.4 | N55: =L55/(E55+M55) -> 0.13844394 | O55: =O53+O54 -> 65.6 | P55: =P53+P54 -> 155.6 | Q55: =O55/(E55+P55) -> 0.10502722 | R55: =R53+R54 -> 213 | S55: =R55/E55 -> 0.45415778 | T55: =T53+T54 -> 45 | U55: =T55/R55 -> 0.21126761 | V55: =V53+V54 -> 26.8 | W55: =W53+W54 -> 0 | X55: =V55/(E55+W55) -> 0.057142857 | Y55: =Y53+Y54 -> 93.2 | Z55: =Z53+Z54 -> 22 | AA55: =Y55/(E55+Z55) -> 0.1898167
A56: 2025-10/27~10/31 | B56: 印度/巴基斯坦 | D56: 217.8 | E56: 194 | F56: 99.6 | G56: =F56/E56 -> 0.51340206 | H56: =(I56+L56+O56+R56+T56+V56+Y56)/F56 -> 1.6325301 | I56: 7.4 | J56: 12.2 | K56: =I56/(E56+J56) -> 0.035887488 | L56: 8 | M56: 6.2 | N56: =L56/(E56+M56) -> 0.03996004 | O56: 23.6 | P56: 57 | Q56: =O56/(E56+P56) -> 0.094023904 | R56: 69.4 | S56: =R56/E56 -> 0.35773196 | T56: 9.8 | U56: =T56/R56 -> 0.14121037 | V56: 9 | W56: 0.2 | X56: =V56/(E56+W56) -> 0.046343975 | Y56: 35.4 | Z56: 7.2 | AA56: =Y56/E56 -> 0.18247423
A57: 2025-10/27~10/31 | B57: 印尼 | D57: 127.6 | E57: 235 | F57: 186 | G57: =F57/E57 -> 0.79148936 | H57: =(I57+L57+O57+R57+T57+V57+Y57)/F57 -> 1.8408602 | I57: 16.6 | J57: 23.8 | K57: =I57/(E57+J57) -> 0.064142195 | L57: 44.4 | M57: 30.8 | N57: =L57/(E57+M57) -> 0.16704289 | O57: 29.6 | P57: 68.2 | Q57: =O57/(E57+P57) -> 0.09762533 | R57: 132.2 | S57: =R57/E57 -> 0.56255319 | T57: 32.2 | U57: =T57/R57 -> 0.24357035 | V57: 20.2 | W57: 0.4 | X57: =V57/(E57+W57) -> 0.085811385 | Y57: 67.2 | Z57: 10.2 | AA57: =Y57/E57 -> 0.28595745
A58: 2025-10/27~10/31 | B58: 总计 | D58: =D56+D57 -> 345.4 | E58: =E56+E57 -> 429 | F58: =F56+F57 -> 285.6 | G58: =F58/E58 -> 0.66573427 | H58: =(I58+L58+O58+R58+T58+V58+Y58)/F58 -> 1.7682073 | I58: =I56+I57 -> 24 | J58: =J56+J57 -> 36 | K58: =I58/(E58+J58) -> 0.051612903 | L58: =L56+L57 -> 52.4 | M58: =M56+M57 -> 37 | N58: =L58/(E58+M58) -> 0.11244635 | O58: =O56+O57 -> 53.2 | P58: =P56+P57 -> 125.2 | Q58: =O58/(E58+P58) -> 0.095994226 | R58: =R56+R57 -> 201.6 | S58: =R58/E58 -> 0.46993007 | T58: =T56+T57 -> 42 | U58: =T58/R58 -> 0.20833333 | V58: =V56+V57 -> 29.2 | W58: =W56+W57 -> 0.6 | X58: =V58/(E58+W58) -> 0.067970205 | Y58: =Y56+Y57 -> 102.6 | Z58: =Z56+Z57 -> 17.4 | AA58: =Y58/(E58+Z58) -> 0.22983871
A59: 2025-11/3~11/7 | B59: 印度/巴基斯坦 | D59: 241 | E59: 253.4 | F59: 134.4 | G59: =F59/E59 -> 0.53038674 | H59: =(I59+L59+O59+R59+T59+V59+Y59)/F59 -> 1.5892857 | I59: 14.6 | J59: 17 | K59: =I59/(E59+J59) -> 0.053994083 | L59: 18.4 | M59: 17 | N59: =L59/(E59+M59) -> 0.068047337 | O59: 35.4 | P59: 68.4 | Q59: =O59/(E59+P59) -> 0.11000622 | R59: 88.2 | S59: =R59/E59 -> 0.3480663 | T59: 12 | U59: =T59/R59 -> 0.13605442 | V59: 6.8 | W59: 0 | X59: =V59/(E59+W59) -> 0.026835043 | Y59: 38.2 | Z59: 10.8 | AA59: =Y59/E59 -> 0.1507498
A60: 2025-11/3~11/7 | B60: 印尼 | D60: 166.8 | E60: 245.2 | F60: 185.8 | G60: =F60/E60 -> 0.75774878 | H60: =(I60+L60+O60+R60+T60+V60+Y60)/F60 -> 1.8342304 | I60: 17.6 | J60: 23.4 | K60: =I60/(E60+J60) -> 0.065524944 | L60: 54 | M60: 39.4 | N60: =L60/(E60+M60) -> 0.18973999 | O60: 22.4 | P60: 68.4 | Q60: =O60/(E60+P60) -> 0.071428571 | R60: 132.4 | S60: =R60/E60 -> 0.53996737 | T60: 42.2 | U60: =T60/R60 -> 0.31873112 | V60: 25.4 | W60: 0.2 | X60: =V60/(E60+W60) -> 0.10350448 | Y60: 46.8 | Z60: 9.4 | AA60: =Y60/E60 -> 0.1908646
A61: 2025-11/3~11/7 | B61: 总计 | D61: =D59+D60 -> 407.8 | E61: =E59+E60 -> 498.6 | F61: =F59+F60 -> 320.2 | G61: =F61/E61 -> 0.64219815 | H61: =(I61+L61+O61+R61+T61+V61+Y61)/F61 -> 1.7314179 | I61: =I59+I60 -> 32.2 | J61: =J59+J60 -> 40.4 | K61: =I61/(E61+J61) -> 0.05974026 | L61: =L59+L60 -> 72.4 | M61: =M59+M60 -> 56.4 | N61: =L61/(E61+M61) -> 0.13045045 | O61: =O59+O60 -> 57.8 | P61: =P59+P60 -> 136.8 | Q61: =O61/(E61+P61) -> 0.09096632 | R61: =R59+R60 -> 220.6 | S61: =R61/E61 -> 0.44243883 | T61: =T59+T60 -> 54.2 | U61: =T61/R61 -> 0.24569356 | V61: =V59+V60 -> 32.2 | W61: =W59+W60 -> 0.2 | X61: =V61/(E61+W61) -> 0.064554932 | Y61: =Y59+Y60 -> 85 | Z61: =Z59+Z60 -> 20.2 | AA61: =Y61/(E61+Z61) -> 0.16383963
A62: 2025-11/10~11/14 | B62: 印度/巴基斯坦 | D62: 248.4 | E62: 300.2 | F62: 153 | G62: =F62/E62 -> 0.50966023 | H62: =(I62+L62+O62+R62+T62+V62+Y62)/F62 -> 1.5869281 | I62: 21.6 | J62: 21.8 | K62: =I62/(E62+J62) -> 0.067080745 | L62: 19.4 | M62: 17 | N62: =L62/(E62+M62) -> 0.061160151 | O62: 37.4 | P62: 78.4 | Q62: =O62/(E62+P62) -> 0.098784997 | R62: 92.4 | S62: =R62/E62 -> 0.3077948 | T62: 10.6 | U62: =T62/R62 -> 0.11471861 | V62: 8.6 | W62: 0.2 | X62: =V62/(E62+W62) -> 0.028628495 | Y62: 52.8 | Z62: 10.8 | AA62: =Y62/E62 -> 0.17588274
A63: 2025-11/10~11/14 | B63: 印尼 | D63: 168.4 | E63: 272 | F63: 191.8 | G63: =F63/E63 -> 0.70514706 | H63: =(I63+L63+O63+R63+T63+V63+Y63)/F63 -> 1.8029197 | I63: 18.6 | J63: 23 | K63: =I63/(E63+J63) -> 0.063050847 | L63: 52 | M63: 39.4 | N63: =L63/(E63+M63) -> 0.1669878 | O63: 27.2 | P63: 71.2 | Q63: =O63/(E63+P63) -> 0.079254079 | R63: 137.4 | S63: =R63/E63 -> 0.50514706 | T63: 42.8 | U63: =T63/R63 -> 0.31149927 | V63: 18.6 | W63: 0.2 | X63: =V63/(E63+W63) -> 0.068332109 | Y63: 49.2 | Z63: 8.2 | AA63: =Y63/E63 -> 0.18088235
A64: 2025-11/10~11/14 | B64: 总计 | D64: =D62+D63 -> 416.8 | E64: =E62+E63 -> 572.2 | F64: =F62+F63 -> 344.8 | G64: =F64/E64 -> 0.60258651 | H64: =(I64+L64+O64+R64+T64+V64+Y64)/F64 -> 1.7070766 | I64: =I62+I63 -> 40.2 | J64: =J62+J63 -> 44.8 | K64: =I64/(E64+J64) -> 0.065153971 | L64: =L62+L63 -> 71.4 | M64: =M62+M63 -> 56.4 | N64: =L64/(E64+M64) -> 0.11358575 | O64: =O62+O63 -> 64.6 | P64: =P62+P63 -> 149.6 | Q64: =O64/(E64+P64) -> 0.089498476 | R64: =R62+R63 -> 229.8 | S64: =R64/E64 -> 0.40160783 | T64: =T62+T63 -> 53.4 | U64: =T64/R64 -> 0.23237598 | V64: =V62+V63 -> 27.2 | W64: =W62+W63 -> 0.4 | X64: =V64/(E64+W64) -> 0.04750262 | Y64: =Y62+Y63 -> 102 | Z64: =Z62+Z63 -> 19 | AA64: =Y64/(E64+Z64) -> 0.17253045
A65: 2025-11/17~11/21 | B65: 印度/巴基斯坦 | D65: 256.8 | E65: 253.6 | F65: 139.8 | G65: =F65/E65 -> 0.55126183 | H65: =(I65+L65+O65+R65+T65+V65+Y65)/F65 -> 1.5579399 | I65: 14 | J65: 14.6 | K65: =I65/(E65+J65) -> 0.052199851 | L65: 16.4 | M65: 12.8 | N65: =L65/(E65+M65) -> 0.061561562 | O65: 33.2 | P65: 73.4 | Q65: =O65/(E65+P65) -> 0.10152905 | R65: 89.6 | S65: =R65/E65 -> 0.3533123 | T65: 14.8 | U65: =T65/R65 -> 0.16517857 | V65: 8 | W65: 0.4 | X65: =V65/(E65+W65) -> 0.031496063 | Y65: 41.8 | Z65: 6.4 | AA65: =Y65/E65 -> 0.1648265
A66: 2025-11/17~11/21 | B66: 印尼 | D66: 196.6 | E66: 247 | F66: 184.2 | G66: =F66/E66 -> 0.74574899 | H66: =(I66+L66+O66+R66+T66+V66+Y66)/F66 -> 1.8045603 | I66: 12 | J66: 19.4 | K66: =I66/(E66+J66) -> 0.045045045 | L66: 56 | M66: 43.6 | N66: =L66/(E66+M66) -> 0.19270475 | O66: 24.8 | P66: 67.8 | Q66: =O66/(E66+P66) -> 0.078780178 | R66: 132.4 | S66: =R66/E66 -> 0.53603239 | T66: 42.6 | U66: =T66/R66 -> 0.32175227 | V66: 20 | W66: 0.2 | X66: =V66/(E66+W66) -> 0.080906149 | Y66: 44.6 | Z66: 7.2 | AA66: =Y66/E66 -> 0.1805668
A67: 2025-11/17~11/21 | B67: 总计 | D67: =D65+D66 -> 453.4 | E67: =E65+E66 -> 500.6 | F67: =F65+F66 -> 324 | G67: =F67/E67 -> 0.64722333 | H67: =(I67+L67+O67+R67+T67+V67+Y67)/F67 -> 1.6981481 | I67: =I65+I66 -> 26 | J67: =J65+J66 -> 34 | K67: =I67/(E67+J67) -> 0.048634493 | L67: =L65+L66 -> 72.4 | M67: =M65+M66 -> 56.4 | N67: =L67/(E67+M67) -> 0.12998205 | O67: =O65+O66 -> 58 | P67: =P65+P66 -> 141.2 | Q67: =O67/(E67+P67) -> 0.090370832 | R67: =R65+R66 -> 222 | S67: =R67/E67 -> 0.44346784 | T67: =T65+T66 -> 57.4 | U67: =T67/R67 -> 0.25855856 | V67: =V65+V66 -> 28 | W67: =W65+W66 -> 0.6 | X67: =V67/(E67+W67) -> 0.055865922 | Y67: =Y65+Y66 -> 86.4 | Z67: =Z65+Z66 -> 13.6 | AA67: =Y67/(E67+Z67) -> 0.168028
A68: 2025-11/24~11/28 | B68: 印度/巴基斯坦 | D68: 220.8 | E68: 227.8 | F68: 132.6 | G68: =F68/E68 -> 0.58208955 | H68: =(I68+L68+O68+R68+T68+V68+Y68)/F68 -> 1.6319759 | I68: 11 | J68: 10.8 | K68: =I68/(E68+J68) -> 0.046102263 | L68: 16 | M68: 12.8 | N68: =L68/(E68+M68) -> 0.066500416 | O68: 34.4 | P68: 78.4 | Q68: =O68/(E68+P68) -> 0.11234487 | R68: 91.6 | S68: =R68/E68 -> 0.40210711 | T68: 16.4 | U68: =T68/R68 -> 0.1790393 | V68: 9.4 | W68: 0 | X68: =V68/(E68+W68) -> 0.041264267 | Y68: 37.6 | Z68: 5.8 | AA68: =Y68/E68 -> 0.16505707
A69: 2025-11/24~11/28 | B69: 印尼 | D69: 168.4 | E69: 234.8 | F69: 177.2 | G69: =F69/E69 -> 0.75468484 | H69: =(I69+L69+O69+R69+T69+V69+Y69)/F69 -> 1.7990971 | I69: 14.2 | J69: 16.4 | K69: =I69/(E69+J69) -> 0.056528662 | L69: 48.6 | M69: 36 | N69: =L69/(E69+M69) -> 0.17946824 | O69: 25.4 | P69: 61.2 | Q69: =O69/(E69+P69) -> 0.085810811 | R69: 127.4 | S69: =R69/E69 -> 0.54258944 | T69: 38.6 | U69: =T69/R69 -> 0.30298273 | V69: 16.6 | W69: 0.2 | X69: =V69/(E69+W69) -> 0.070638298 | Y69: 48 | Z69: 6.8 | AA69: =Y69/E69 -> 0.2044293
A70: 2025-11/24~11/28 | B70: 总计 | D70: =D68+D69 -> 389.2 | E70: =E68+E69 -> 462.6 | F70: =F68+F69 -> 309.8 | G70: =F70/E70 -> 0.66969304 | H70: =(I70+L70+O70+R70+T70+V70+Y70)/F70 -> 1.7275662 | I70: =I68+I69 -> 25.2 | J70: =J68+J69 -> 27.2 | K70: =I70/(E70+J70) -> 0.051449571 | L70: =L68+L69 -> 64.6 | M70: =M68+M69 -> 48.8 | N70: =L70/(E70+M70) -> 0.12631991 | O70: =O68+O69 -> 59.8 | P70: =P68+P69 -> 139.6 | Q70: =O70/(E70+P70) -> 0.099302557 | R70: =R68+R69 -> 219 | S70: =R70/E70 -> 0.47341115 | T70: =T68+T69 -> 55 | U70: =T70/R70 -> 0.25114155 | V70: =V68+V69 -> 26 | W70: =W68+W69 -> 0.2 | X70: =V70/(E70+W70) -> 0.056179775 | Y70: =Y68+Y69 -> 85.6 | Z70: =Z68+Z69 -> 12.6 | AA70: =Y70/(E70+Z70) -> 0.18013468
A71: 2025-12/1~12/5 | B71: 印度/巴基斯坦 | D71: 230.2 | E71: 240.2 | F71: 139 | G71: =F71/E71 -> 0.57868443 | H71: =(I71+L71+O71+R71+T71+V71+Y71)/F71 -> 1.5539568 | I71: 6.6 | J71: 14.6 | K71: =I71/(E71+J71) -> 0.025902669 | L71: 16.4 | M71: 13.6 | N71: =L71/(E71+M71) -> 0.064617809 | O71: 32.4 | P71: 79.6 | Q71: =O71/(E71+P71) -> 0.10131332 | R71: 95.4 | S71: =R71/E71 -> 0.39716903 | T71: 10.8 | U71: =T71/R71 -> 0.11320755 | V71: 11.2 | W71: 0 | X71: =V71/(E71+W71) -> 0.04662781 | Y71: 43.2 | Z71: 6.4 | AA71: =Y71/E71 -> 0.17985012
A72: 2025-12/1~12/5 | B72: 印尼 | D72: 186.6 | E72: 232.8 | F72: 174.6 | G72: =F72/E72 -> 0.75 | H72: =(I72+L72+O72+R72+T72+V72+Y72)/F72 -> 1.8018328 | I72: 9.8 | J72: 13.6 | K72: =I72/(E72+J72) -> 0.039772727 | L72: 48.8 | M72: 34.8 | N72: =L72/(E72+M72) -> 0.18236173 | O72: 23 | P72: 62.8 | Q72: =O72/(E72+P72) -> 0.077807848 | R72: 126.6 | S72: =R72/E72 -> 0.54381443 | T72: 42.2 | U72: =T72/R72 -> 0.33333333 | V72: 17.4 | W72: 0.2 | X72: =V72/(E72+W72) -> 0.074678112 | Y72: 46.8 | Z72: 5.2 | AA72: =Y72/E72 -> 0.20103093
A73: 2025-12/1~12/5 | B73: 总计 | D73: =D71+D72 -> 416.8 | E73: =E71+E72 -> 473 | F73: =F71+F72 -> 313.6 | G73: =F73/E73 -> 0.66300211 | H73: =(I73+L73+O73+R73+T73+V73+Y73)/F73 -> 1.6919643 | I73: =I71+I72 -> 16.4 | J73: =J71+J72 -> 28.2 | K73: =I73/(E73+J73) -> 0.032721468 | L73: =L71+L72 -> 65.2 | M73: =M71+M72 -> 48.4 | N73: =L73/(E73+M73) -> 0.12504795 | O73: =O71+O72 -> 55.4 | P73: =P71+P72 -> 142.4 | Q73: =O73/(E73+P73) -> 0.090022749 | R73: =R71+R72 -> 222 | S73: =R73/E73 -> 0.46934461 | T73: =T71+T72 -> 53 | U73: =T73/R73 -> 0.23873874 | V73: =V71+V72 -> 28.6 | W73: =W71+W72 -> 0.2 | X73: =V73/(E73+W73) -> 0.06043956 | Y73: =Y71+Y72 -> 90 | Z73: =Z71+Z72 -> 11.6 | AA73: =Y73/(E73+Z73) -> 0.18572018
A74: 2025-12/8~12/12 | B74: 印度/巴基斯坦 | D74: 205 | E74: 237.4 | F74: 134.2 | G74: =F74/E74 -> 0.56529065 | H74: =(I74+L74+O74+R74+T74+V74+Y74)/F74 -> 1.6154993 | I74: 8.4 | J74: 12 | K74: =I74/(E74+J74) -> 0.033680834 | L74: 16.8 | M74: 14.2 | N74: =L74/(E74+M74) -> 0.066772655 | O74: 38.4 | P74: 78.2 | Q74: =O74/(E74+P74) -> 0.121673 | R74: 92.8 | S74: =R74/E74 -> 0.39090143 | T74: 12.8 | U74: =T74/R74 -> 0.13793103 | V74: 10.8 | W74: 0 | X74: =V74/(E74+W74) -> 0.045492839 | Y74: 36.8 | Z74: 7.4 | AA74: =Y74/E74 -> 0.15501264
A75: 2025-12/8~12/12 | B75: 印尼 | D75: 172.6 | E75: 219 | F75: 153.8 | G75: =F75/E75 -> 0.70228311 | H75: =(I75+L75+O75+R75+T75+V75+Y75)/F75 -> 1.7555267 | I75: 10.2 | J75: 14.8 | K75: =I75/(E75+J75) -> 0.043627032 | L75: 49.2 | M75: 33.4 | N75: =L75/(E75+M75) -> 0.19492868 | O75: 19.6 | P75: 56 | Q75: =O75/(E75+P75) -> 0.071272727 | R75: 103 | S75: =R75/E75 -> 0.47031963 | T75: 36.8 | U75: =T75/R75 -> 0.35728155 | V75: 15.4 | W75: 0 | X75: =V75/(E75+W75) -> 0.070319635 | Y75: 35.8 | Z75: 5 | AA75: =Y75/E75 -> 0.16347032
A76: 2025-12/8~12/12 | B76: 总计 | D76: =D74+D75 -> 377.6 | E76: =E74+E75 -> 456.4 | F76: =F74+F75 -> 288 | G76: =F76/E76 -> 0.63102542 | H76: =(I76+L76+O76+R76+T76+V76+Y76)/F76 -> 1.6902778 | I76: =I74+I75 -> 18.6 | J76: =J74+J75 -> 26.8 | K76: =I76/(E76+J76) -> 0.038493377 | L76: =L74+L75 -> 66 | M76: =M74+M75 -> 47.6 | N76: =L76/(E76+M76) -> 0.13095238 | O76: =O74+O75 -> 58 | P76: =P74+P75 -> 134.2 | Q76: =O76/(E76+P76) -> 0.098205215 | R76: =R74+R75 -> 195.8 | S76: =R76/E76 -> 0.42900964 | T76: =T74+T75 -> 49.6 | U76: =T76/R76 -> 0.25331971 | V76: =V74+V75 -> 26.2 | W76: =W74+W75 -> 0 | X76: =V76/(E76+W76) -> 0.057405784 | Y76: =Y74+Y75 -> 72.6 | Z76: =Z74+Z75 -> 12.4 | AA76: =Y76/(E76+Z76) -> 0.15486348
A77: 2025-12/15~12/19 | B77: 印度/巴基斯坦 | D77: 235.4 | E77: 248.6 | F77: 139 | G77: =F77/E77 -> 0.55913113 | H77: =(I77+L77+O77+R77+T77+V77+Y77)/F77 -> 1.5741007 | I77: 3.2 | J77: 10.4 | K77: =I77/(E77+J77) -> 0.012355212 | L77: 16 | M77: 11.2 | N77: =L77/(E77+M77) -> 0.061585835 | O77: 40.2 | P77: 83.6 | Q77: =O77/(E77+P77) -> 0.12101144 | R77: 94.2 | S77: =R77/E77 -> 0.37892196 | T77: 13.2 | U77: =T77/R77 -> 0.14012739 | V77: 11.8 | W77: 0 | X77: =V77/(E77+W77) -> 0.047465809 | Y77: 40.2 | Z77: 5.4 | AA77: =Y77/E77 -> 0.16170555
A78: 2025-12/15~12/19 | B78: 印尼 | D78: 171 | E78: 266.8 | F78: 179.4 | G78: =F78/E78 -> 0.67241379 | H78: =(I78+L78+O78+R78+T78+V78+Y78)/F78 -> 1.7458194 | I78: 10.6 | J78: 19.2 | K78: =I78/(E78+J78) -> 0.037062937 | L78: 49 | M78: 35.2 | N78: =L78/(E78+M78) -> 0.16225166 | O78: 24.8 | P78: 67 | Q78: =O78/(E78+P78) -> 0.074295986 | R78: 127.4 | S78: =R78/E78 -> 0.47751124 | T78: 44.2 | U78: =T78/R78 -> 0.34693878 | V78: 13.8 | W78: 0.2 | X78: =V78/(E78+W78) -> 0.051685393 | Y78: 43.4 | Z78: 7 | AA78: =Y78/E78 -> 0.16266867
A79: 2025-12/15~12/19 | B79: 总计 | D79: =D77+D78 -> 406.4 | E79: =E77+E78 -> 515.4 | F79: =F77+F78 -> 318.4 | G79: =F79/E79 -> 0.6177726 | H79: =(I79+L79+O79+R79+T79+V79+Y79)/F79 -> 1.6708543 | I79: =I77+I78 -> 13.8 | J79: =J77+J78 -> 29.6 | K79: =I79/(E79+J79) -> 0.025321101 | L79: =L77+L78 -> 65 | M79: =M77+M78 -> 46.4 | N79: =L79/(E79+M79) -> 0.11569954 | O79: =O77+O78 -> 65 | P79: =P77+P78 -> 150.6 | Q79: =O79/(E79+P79) -> 0.097597598 | R79: =R77+R78 -> 221.6 | S79: =R79/E79 -> 0.42995731 | T79: =T77+T78 -> 57.4 | U79: =T79/R79 -> 0.25902527 | V79: =V77+V78 -> 25.6 | W79: =W77+W78 -> 0.2 | X79: =V79/(E79+W79) -> 0.049650892 | Y79: =Y77+Y78 -> 83.6 | Z79: =Z77+Z78 -> 12.4 | AA79: =Y79/(E79+Z79) -> 0.15839333
A80: 2025-12/22~12/26 | B80: 印度/巴基斯坦 | D80: 163.6 | E80: 228 | F80: 121.8 | G80: =F80/E80 -> 0.53421053 | H80: =(I80+L80+O80+R80+T80+V80+Y80)/F80 -> 1.5566502 | I80: 4.4 | J80: 10.8 | K80: =I80/(E80+J80) -> 0.018425461 | L80: 13.6 | M80: 10.2 | N80: =L80/(E80+M80) -> 0.057094878 | O80: 31.8 | P80: 74.2 | Q80: =O80/(E80+P80) -> 0.10522833 | R80: 90.4 | S80: =R80/E80 -> 0.39649123 | T80: 12.8 | U80: =T80/R80 -> 0.14159292 | V80: 7.2 | W80: 0.4 | X80: =V80/(E80+W80) -> 0.031523643 | Y80: 29.4 | Z80: 6 | AA80: =Y80/E80 -> 0.12894737
A81: 2025-12/22~12/26 | B81: 印尼 | D81: 227.8 | E81: 215.8 | F81: 159.8 | G81: =F81/E81 -> 0.74050046 | H81: =(I81+L81+O81+R81+T81+V81+Y81)/F81 -> 1.7446809 | I81: 7 | J81: 11.4 | K81: =I81/(E81+J81) -> 0.030809859 | L81: 44 | M81: 31.6 | N81: =L81/(E81+M81) -> 0.17784964 | O81: 19.8 | P81: 57.4 | Q81: =O81/(E81+P81) -> 0.072474378 | R81: 113.4 | S81: =R81/E81 -> 0.52548656 | T81: 44.4 | U81: =T81/R81 -> 0.39153439 | V81: 13 | W81: 0 | X81: =V81/(E81+W81) -> 0.060240964 | Y81: 37.2 | Z81: 5.4 | AA81: =Y81/E81 -> 0.17238184
A82: 2025-12/22~12/26 | B82: 总计 | D82: =D80+D81 -> 391.4 | E82: =E80+E81 -> 443.8 | F82: =F80+F81 -> 281.6 | G82: =F82/E82 -> 0.63452005 | H82: =(I82+L82+O82+R82+T82+V82+Y82)/F82 -> 1.6633523 | I82: =I80+I81 -> 11.4 | J82: =J80+J81 -> 22.2 | K82: =I82/(E82+J82) -> 0.024463519 | L82: =L80+L81 -> 57.6 | M82: =M80+M81 -> 41.8 | N82: =L82/(E82+M82) -> 0.11861614 | O82: =O80+O81 -> 51.6 | P82: =P80+P81 -> 131.6 | Q82: =O82/(E82+P82) -> 0.089676747 | R82: =R80+R81 -> 203.8 | S82: =R82/E82 -> 0.45921586 | T82: =T80+T81 -> 57.2 | U82: =T82/R82 -> 0.28066732 | V82: =V80+V81 -> 20.2 | W82: =W80+W81 -> 0.4 | X82: =V82/(E82+W82) -> 0.045475011 | Y82: =Y80+Y81 -> 66.6 | Z82: =Z80+Z81 -> 11.4 | AA82: =Y82/(E82+Z82) -> 0.14630931
A83: 2025-12/29~2026-1/2 | B83: 印度/巴基斯坦 | D83: 224.2 | E83: 206.8 | F83: 117 | G83: =F83/E83 -> 0.56576402 | H83: =(I83+L83+O83+R83+T83+V83+Y83)/F83 -> 1.5350427 | I83: 2.4 | J83: 8.6 | K83: =I83/(E83+J83) -> 0.011142061 | L83: 12.4 | M83: 8.4 | N83: =L83/(E83+M83) -> 0.057620818 | O83: 29.2 | P83: 67.4 | Q83: =O83/(E83+P83) -> 0.10649161 | R83: 83.4 | S83: =R83/E83 -> 0.4032882 | T83: 12.4 | U83: =T83/R83 -> 0.14868106 | V83: 7.4 | W83: 0 | X83: =V83/(E83+W83) -> 0.035783366 | Y83: 32.4 | Z83: 7 | AA83: =Y83/E83 -> 0.15667311
A84: 2025-12/29~2026-1/2 | B84: 印尼 | D84: 158.4 | E84: 250.6 | F84: 167.8 | G84: =F84/E84 -> 0.66959298 | H84: =(I84+L84+O84+R84+T84+V84+Y84)/F84 -> 1.7187128 | I84: 7.6 | J84: 12.2 | K84: =I84/(E84+J84) -> 0.02891933 | L84: 52.8 | M84: 41.6 | N84: =L84/(E84+M84) -> 0.18069815 | O84: 19.8 | P84: 59.4 | Q84: =O84/(E84+P84) -> 0.063870968 | R84: 114 | S84: =R84/E84 -> 0.45490822 | T84: 41.4 | U84: =T84/R84 -> 0.36315789 | V84: 16 | W84: 0 | X84: =V84/(E84+W84) -> 0.063846768 | Y84: 36.8 | Z84: 5.2 | AA84: =Y84/E84 -> 0.14684757
A85: 2025-12/29~2026-1/2 | B85: 总计 | D85: =D83+D84 -> 382.6 | E85: =E83+E84 -> 457.4 | F85: =F83+F84 -> 284.8 | G85: =F85/E85 -> 0.62264976 | H85: =(I85+L85+O85+R85+T85+V85+Y85)/F85 -> 1.6432584 | I85: =I83+I84 -> 10 | J85: =J83+J84 -> 20.8 | K85: =I85/(E85+J85) -> 0.020911752 | L85: =L83+L84 -> 65.2 | M85: =M83+M84 -> 50 | N85: =L85/(E85+M85) -> 0.12849823 | O85: =O83+O84 -> 49 | P85: =P83+P84 -> 126.8 | Q85: =O85/(E85+P85) -> 0.083875385 | R85: =R83+R84 -> 197.4 | S85: =R85/E85 -> 0.43156974 | T85: =T83+T84 -> 53.8 | U85: =T85/R85 -> 0.27254306 | V85: =V83+V84 -> 23.4 | W85: =W83+W84 -> 0 | X85: =V85/(E85+W85) -> 0.051158723 | Y85: =Y83+Y84 -> 69.2 | Z85: =Z83+Z84 -> 12.2 | AA85: =Y85/(E85+Z85) -> 0.14735945
A86: 2026-1/5~1/9 | B86: 印度/巴基斯坦 | D86: 268.4 | E86: 236 | F86: 136.8 | G86: =F86/E86 -> 0.57966102 | H86: =(I86+L86+O86+R86+T86+V86+Y86)/F86 -> 1.6081871 | I86: 4.8 | J86: 13 | K86: =I86/(E86+J86) -> 0.019277108 | L86: 17 | M86: 13 | N86: =L86/(E86+M86) -> 0.068273092 | O86: 34.4 | P86: 77 | Q86: =O86/(E86+P86) -> 0.10990415 | R86: 93.8 | S86: =R86/E86 -> 0.39745763 | T86: 14.2 | U86: =T86/R86 -> 0.15138593 | V86: 10.2 | W86: 0 | X86: =V86/(E86+W86) -> 0.043220339 | Y86: 45.6 | Z86: 6.2 | AA86: =Y86/E86 -> 0.19322034
A87: 2026-1/5~1/9 | B87: 印尼 | D87: 189.6 | E87: 270.2 | F87: 187.8 | G87: =F87/E87 -> 0.69504071 | H87: =(I87+L87+O87+R87+T87+V87+Y87)/F87 -> 1.7358892 | I87: 8.6 | J87: 20.2 | K87: =I87/(E87+J87) -> 0.029614325 | L87: 56.6 | M87: 40.4 | N87: =L87/(E87+M87) -> 0.18222795 | O87: 24.6 | P87: 68.4 | Q87: =O87/(E87+P87) -> 0.072652097 | R87: 127.2 | S87: =R87/E87 -> 0.4707624 | T87: 45.6 | U87: =T87/R87 -> 0.35849057 | V87: 15 | W87: 0.2 | X87: =V87/(E87+W87) -> 0.055473373 | Y87: 48.4 | Z87: 6.8 | AA87: =Y87/E87 -> 0.17912657
A88: 2026-1/5~1/9 | B88: 总计 | D88: =D86+D87 -> 458 | E88: =E86+E87 -> 506.2 | F88: =F86+F87 -> 324.6 | G88: =F88/E88 -> 0.64124852 | H88: =(I88+L88+O88+R88+T88+V88+Y88)/F88 -> 1.6820702 | I88: =I86+I87 -> 13.4 | J88: =J86+J87 -> 33.2 | K88: =I88/(E88+J88) -> 0.024842418 | L88: =L86+L87 -> 73.6 | M88: =M86+M87 -> 53.4 | N88: =L88/(E88+M88) -> 0.13152252 | O88: =O86+O87 -> 59 | P88: =P86+P87 -> 145.4 | Q88: =O88/(E88+P88) -> 0.090546347 | R88: =R86+R87 -> 221 | S88: =R88/E88 -> 0.43658633 | T88: =T86+T87 -> 59.8 | U88: =T88/R88 -> 0.27058824 | V88: =V86+V87 -> 25.2 | W88: =W86+W87 -> 0.2 | X88: =V88/(E88+W88) -> 0.049763033 | Y88: =Y86+Y87 -> 94 | Z88: =Z86+Z87 -> 13 | AA88: =Y88/(E88+Z88) -> 0.18104777
A89: 2026-1/12~1/16 | B89: 印度/巴基斯坦 | D89: 335.8 | E89: 252 | F89: 136.6 | G89: =F89/E89 -> 0.54206349 | H89: =(I89+L89+O89+R89+T89+V89+Y89)/F89 -> 1.6032211 | I89: 11.4 | J89: 10 | K89: =I89/(E89+J89) -> 0.04351145 | L89: 15.4 | M89: 12 | N89: =L89/(E89+M89) -> 0.058333333 | O89: 35.2 | P89: 82 | Q89: =O89/(E89+P89) -> 0.10538922 | R89: 96.6 | S89: =R89/E89 -> 0.38333333 | T89: 11.8 | U89: =T89/R89 -> 0.12215321 | V89: 9.6 | W89: 0 | X89: =V89/(E89+W89) -> 0.038095238 | Y89: 39 | Z89: 5.6 | AA89: =Y89/E89 -> 0.1547619
A90: 2026-1/12~1/16 | B90: 印尼 | D90: 174.8 | E90: 328.4 | F90: 249.6 | G90: =F90/E90 -> 0.76004872 | H90: =(I90+L90+O90+R90+T90+V90+Y90)/F90 -> 1.8245192 | I90: 13.4 | J90: 23.8 | K90: =I90/(E90+J90) -> 0.038046564 | L90: 61.6 | M90: 45.6 | N90: =L90/(E90+M90) -> 0.16470588 | O90: 36.8 | P90: 99.4 | Q90: =O90/(E90+P90) -> 0.086021505 | R90: 185.6 | S90: =R90/E90 -> 0.56516443 | T90: 61.2 | U90: =T90/R90 -> 0.32974138 | V90: 28.8 | W90: 0.2 | X90: =V90/(E90+W90) -> 0.087644553 | Y90: 68 | Z90: 7.8 | AA90: =Y90/E90 -> 0.20706456
A91: 2026-1/12~1/16 | B91: 总计 | D91: =D89+D90 -> 510.6 | E91: =E89+E90 -> 580.4 | F91: =F89+F90 -> 386.2 | G91: =F91/E91 -> 0.66540317 | H91: =(I91+L91+O91+R91+T91+V91+Y91)/F91 -> 1.7462455 | I91: =I89+I90 -> 24.8 | J91: =J89+J90 -> 33.8 | K91: =I91/(E91+J91) -> 0.040377727 | L91: =L89+L90 -> 77 | M91: =M89+M90 -> 57.6 | N91: =L91/(E91+M91) -> 0.12068966 | O91: =O89+O90 -> 72 | P91: =P89+P90 -> 181.4 | Q91: =O91/(E91+P91) -> 0.094512996 | R91: =R89+R90 -> 282.2 | S91: =R91/E91 -> 0.4862164 | T91: =T89+T90 -> 73 | U91: =T91/R91 -> 0.25868179 | V91: =V89+V90 -> 38.4 | W91: =W89+W90 -> 0.2 | X91: =V91/(E91+W91) -> 0.066138477 | Y91: =Y89+Y90 -> 107 | Z91: =Z89+Z90 -> 13.4 | AA91: =Y91/(E91+Z91) -> 0.18019535
A92: 2026-1/19~1/23 | B92: 印度/巴基斯坦 | D92: 323.6 | E92: 251.8 | F92: 142 | G92: =F92/E92 -> 0.56393963 | H92: =(I92+L92+O92+R92+T92+V92+Y92)/F92 -> 1.5633803 | I92: 5.8 | J92: 13 | K92: =I92/(E92+J92) -> 0.021903323 | L92: 18.4 | M92: 14.6 | N92: =L92/(E92+M92) -> 0.069069069 | O92: 39 | P92: 86.6 | Q92: =O92/(E92+P92) -> 0.11524823 | R92: 100.8 | S92: =R92/E92 -> 0.40031771 | T92: 13 | U92: =T92/R92 -> 0.12896825 | V92: 11 | W92: 0.2 | X92: =V92/(E92+W92) -> 0.043650794 | Y92: 34 | Z92: 5.4 | AA92: =Y92/E92 -> 0.1350278
A93: 2026-1/19~1/23 | B93: 印尼 | D93: 200 | E93: 318 | F93: 236.2 | G93: =F93/E93 -> 0.7427673 | H93: =(I93+L93+O93+R93+T93+V93+Y93)/F93 -> 1.8010161 | I93: 9.6 | J93: 22.2 | K93: =I93/(E93+J93) -> 0.028218695 | L93: 62.8 | M93: 45.8 | N93: =L93/(E93+M93) -> 0.17262232 | O93: 32 | P93: 85.2 | Q93: =O93/(E93+P93) -> 0.079365079 | R93: 161.6 | S93: =R93/E93 -> 0.5081761 | T93: 56.2 | U93: =T93/R93 -> 0.34777228 | V93: 21 | W93: 0 | X93: =V93/(E93+W93) -> 0.066037736 | Y93: 82.2 | Z93: 9.2 | AA93: =Y93/E93 -> 0.25849057
A94: 2026-1/19~1/23 | B94: 总计 | D94: =D92+D93 -> 523.6 | E94: =E92+E93 -> 569.8 | F94: =F92+F93 -> 378.2 | G94: =F94/E94 -> 0.66374166 | H94: =(I94+L94+O94+R94+T94+V94+Y94)/F94 -> 1.7117927 | I94: =I92+I93 -> 15.4 | J94: =J92+J93 -> 35.2 | K94: =I94/(E94+J94) -> 0.025454545 | L94: =L92+L93 -> 81.2 | M94: =M92+M93 -> 60.4 | N94: =L94/(E94+M94) -> 0.12884798 | O94: =O92+O93 -> 71 | P94: =P92+P93 -> 171.8 | Q94: =O94/(E94+P94) -> 0.095738943 | R94: =R92+R93 -> 262.4 | S94: =R94/E94 -> 0.46051246 | T94: =T92+T93 -> 69.2 | U94: =T94/R94 -> 0.26371951 | V94: =V92+V93 -> 32 | W94: =W92+W93 -> 0.2 | X94: =V94/(E94+W94) -> 0.056140351 | Y94: =Y92+Y93 -> 116.2 | Z94: =Z92+Z93 -> 14.6 | AA94: =Y94/(E94+Z94) -> 0.19883641
A95: 2026-1/26~1/30 | B95: 印度/巴基斯坦 | D95: 245.2 | E95: 266.8 | F95: 151.4 | G95: =F95/E95 -> 0.56746627 | H95: =(I95+L95+O95+R95+T95+V95+Y95)/F95 -> 1.5019815 | I95: 5.6 | J95: 12 | K95: =I95/(E95+J95) -> 0.020086083 | L95: 17.4 | M95: 13 | N95: =L95/(E95+M95) -> 0.062187277 | O95: 35.4 | P95: 85.8 | Q95: =O95/(E95+P95) -> 0.10039705 | R95: 103 | S95: =R95/E95 -> 0.38605697 | T95: 12 | U95: =T95/R95 -> 0.11650485 | V95: 11 | W95: 0 | X95: =V95/(E95+W95) -> 0.041229385 | Y95: 43 | Z95: 5 | AA95: =Y95/E95 -> 0.16116942
A96: 2026-1/26~1/30 | B96: 印尼 | D96: 179 | E96: 274.4 | F96: 204.6 | G96: =F96/E96 -> 0.74562682 | H96: =(I96+L96+O96+R96+T96+V96+Y96)/F96 -> 1.7360704 | I96: 9.8 | J96: 22.6 | K96: =I96/(E96+J96) -> 0.032996633 | L96: 57 | M96: 41.8 | N96: =L96/(E96+M96) -> 0.18026565 | O96: 30.6 | P96: 80.6 | Q96: =O96/(E96+P96) -> 0.086197183 | R96: 142.4 | S96: =R96/E96 -> 0.51895044 | T96: 46 | U96: =T96/R96 -> 0.32303371 | V96: 16.6 | W96: 0 | X96: =V96/(E96+W96) -> 0.060495627 | Y96: 52.8 | Z96: 8.2 | AA96: =Y96/E96 -> 0.19241983
A97: 2026-1/26~1/30 | B97: 总计 | D97: =D95+D96 -> 424.2 | E97: =E95+E96 -> 541.2 | F97: =F95+F96 -> 356 | G97: =F97/E97 -> 0.65779749 | H97: =(I97+L97+O97+R97+T97+V97+Y97)/F97 -> 1.6365169 | I97: =I95+I96 -> 15.4 | J97: =J95+J96 -> 34.6 | K97: =I97/(E97+J97) -> 0.026745398 | L97: =L95+L96 -> 74.4 | M97: =M95+M96 -> 54.8 | N97: =L97/(E97+M97) -> 0.12483221 | O97: =O95+O96 -> 66 | P97: =P95+P96 -> 166.4 | Q97: =O97/(E97+P97) -> 0.093273036 | R97: =R95+R96 -> 245.4 | S97: =R97/E97 -> 0.45343681 | T97: =T95+T96 -> 58 | U97: =T97/R97 -> 0.23634882 | V97: =V95+V96 -> 27.6 | W97: =W95+W96 -> 0 | X97: =V97/(E97+W97) -> 0.050997783 | Y97: =Y95+Y96 -> 95.8 | Z97: =Z95+Z96 -> 13.2 | AA97: =Y97/(E97+Z97) -> 0.17279942
A98: 2026-2/2~2/6 | B98: 印度/巴基斯坦 | D98: 189.6 | E98: 257.6 | F98: 136.8 | G98: =F98/E98 -> 0.5310559 | H98: =(I98+L98+O98+R98+T98+V98+Y98)/F98 -> 1.5964912 | I98: 6.2 | J98: 13.2 | K98: =I98/(E98+J98) -> 0.022895126 | L98: 15.8 | M98: 13.4 | N98: =L98/(E98+M98) -> 0.058302583 | O98: 36.4 | P98: 84.8 | Q98: =O98/(E98+P98) -> 0.10630841 | R98: 100.2 | S98: =R98/E98 -> 0.38897516 | T98: 14.6 | U98: =T98/R98 -> 0.14570858 | V98: 10 | W98: 0 | X98: =V98/(E98+W98) -> 0.038819876 | Y98: 35.2 | Z98: 5.6 | AA98: =Y98/E98 -> 0.13664596
A99: 2026-2/2~2/6 | B99: 印尼 | D99: 138.8 | E99: 279.6 | F99: 206 | G99: =F99/E99 -> 0.73676681 | H99: =(I99+L99+O99+R99+T99+V99+Y99)/F99 -> 1.7398058 | I99: 7.2 | J99: 16.6 | K99: =I99/(E99+J99) -> 0.0243079 | L99: 60.8 | M99: 46.4 | N99: =L99/(E99+M99) -> 0.18650307 | O99: 27.4 | P99: 75.8 | Q99: =O99/(E99+P99) -> 0.07709623 | R99: 143.2 | S99: =R99/E99 -> 0.51216023 | T99: 56.4 | U99: =T99/R99 -> 0.39385475 | V99: 17.4 | W99: 0.4 | X99: =V99/(E99+W99) -> 0.062142857 | Y99: 46 | Z99: 5.4 | AA99: =Y99/E99 -> 0.16452074
A100: 2026-2/2~2/6 | B100: 总计 | D100: =D98+D99 -> 328.4 | E100: =E98+E99 -> 537.2 | F100: =F98+F99 -> 342.8 | G100: =F100/E100 -> 0.6381236 | H100: =(I100+L100+O100+R100+T100+V100+Y100)/F100 -> 1.6826138 | I100: =I98+I99 -> 13.4 | J100: =J98+J99 -> 29.8 | K100: =I100/(E100+J100) -> 0.023633157 | L100: =L98+L99 -> 76.6 | M100: =M98+M99 -> 59.8 | N100: =L100/(E100+M100) -> 0.12830821 | O100: =O98+O99 -> 63.8 | P100: =P98+P99 -> 160.6 | Q100: =O100/(E100+P100) -> 0.091430209 | R100: =R98+R99 -> 243.4 | S100: =R100/E100 -> 0.4530901 | T100: =T98+T99 -> 71 | U100: =T100/R100 -> 0.2917009 | V100: =V98+V99 -> 27.4 | W100: =W98+W99 -> 0.4 | X100: =V100/(E100+W100) -> 0.050967262 | Y100: =Y98+Y99 -> 81.2 | Z100: =Z98+Z99 -> 11 | AA100: =Y100/(E100+Z100) -> 0.14812112
A101: 2026-2/9~2/13 | B101: 印度/巴基斯坦 | D101: 271.4 | E101: 251.4 | F101: 140.6 | G101: =F101/E101 -> 0.5592681 | H101: =(I101+L101+O101+R101+T101+V101+Y101)/F101 -> 1.514936 | I101: 5.4 | J101: 11.6 | K101: =I101/(E101+J101) -> 0.020532319 | L101: 17.2 | M101: 14.2 | N101: =L101/(E101+M101) -> 0.064759036 | O101: 35 | P101: 79.8 | Q101: =O101/(E101+P101) -> 0.10567633 | R101: 95.6 | S101: =R101/E101 -> 0.38027049 | T101: 10.6 | U101: =T101/R101 -> 0.11087866 | V101: 11.2 | W101: 0 | X101: =V101/(E101+W101) -> 0.044550517 | Y101: 38 | Z101: 7.8 | AA101: =Y101/E101 -> 0.15115354
...

Sheet WEB来源数据
C1: BI | D1: BI | G1: GSC | H1: Ahref | I1: GSC
A2: 周数 | B2: 地区 | C2: 自然北极星 | D2: 自然uv | E2: google自然 UV | F2: AI UV | G2: SEO自然UV | H2: google top3 | I2: google自然曝光 | J2: google点击率
A3: 2025-6/30~7/4 | B3: 印度/巴基斯坦 | C3: 256.1 | D3: 1061 | E3: 778.8 | F3: 0 | H3: 372
A4: 2025-6/30~7/4 | B4: 印尼 | C4: 240.6 | D4: 834.4 | E4: 592.6 | F4: 0.2 | H4: 141
A5: 2025-6/30~7/4 | B5: 总计 | C5: =C3+C4 -> 496.7 | D5: =D3+D4 -> 1895.4 | E5: =E3+E4 -> 1371.4 | F5: =F3+F4 -> 0.2
A6: 2025-7/7~7/11 | B6: 印度/巴基斯坦 | C6: 264 | D6: 1097 | E6: 815.2 | F6: 0 | H6: 374
A7: 2025-7/7~7/11 | B7: 印尼 | C7: 226.6 | D7: 794.8 | E7: 557.4 | F7: 0.6 | H7: 146
A8: 2025-7/7~7/11 | B8: 总计 | C8: =C6+C7 -> 490.6 | D8: =D6+D7 -> 1891.8 | E8: =E6+E7 -> 1372.6 | F8: =F6+F7 -> 0.6
A9: 2025-7/14~7/18 | B9: 印度/巴基斯坦 | C9: 300.9 | D9: 1124 | E9: 842.4 | F9: 0.2 | H9: 376
A10: 2025-7/14~7/18 | B10: 印尼 | C10: 267 | D10: 836.6 | E10: 592.4 | F10: 0.2 | H10: 150
A11: 2025-7/14~7/18 | B11: 总计 | C11: =C9+C10 -> 567.9 | D11: =D9+D10 -> 1960.6 | E11: =E9+E10 -> 1434.8 | F11: =F9+F10 -> 0.4
A12: 2025-7/21~7/25 | B12: 印度/巴基斯坦 | C12: 291.3 | D12: 1191.6 | E12: 880.2 | F12: 0.6 | H12: 406
A13: 2025-7/21~7/25 | B13: 印尼 | C13: 248.2 | D13: 842.6 | E13: 610.6 | F13: 0.2 | H13: 155
A14: 2025-7/21~7/25 | B14: 总计 | C14: =C12+C13 -> 539.5 | D14: =D12+D13 -> 2034.2 | E14: =E12+E13 -> 1490.8 | F14: =F12+F13 -> 0.8
A15: 2025-7/28~8/1 | B15: 印度/巴基斯坦 | C15: 293.4 | D15: 1334.8 | E15: 907.6 | F15: 1 | H15: 417
A16: 2025-7/28~8/1 | B16: 印尼 | C16: 230.1 | D16: 911.4 | E16: 579.2 | F16: 0 | H16: 164
A17: 2025-7/28~8/1 | B17: 总计 | C17: =C15+C16 -> 523.5 | D17: =D15+D16 -> 2246.2 | E17: =E15+E16 -> 1486.8 | F17: =F15+F16 -> 1
A18: 2025-8/4~8/8 | B18: 印度/巴基斯坦 | C18: 291.3 | D18: 1143.8 | E18: 846.8 | F18: 0 | H18: 414
A19: 2025-8/4~8/8 | B19: 印尼 | C19: 240.4 | D19: 837.4 | E19: 583 | F19: 0 | H19: 164
A20: 2025-8/4~8/8 | B20: 总计 | C20: =C18+C19 -> 531.7 | D20: =D18+D19 -> 1981.2 | E20: =E18+E19 -> 1429.8 | F20: =F18+F19 -> 0
A21: 2025-8/11~8/15 | B21: 印度/巴基斯坦 | C21: 268.2 | D21: 1138.6 | E21: 794 | F21: 0 | H21: 422
A22: 2025-8/11~8/15 | B22: 印尼 | C22: 221.4 | D22: 907.6 | E22: 571.6 | F22: 0 | H22: 174
A23: 2025-8/11~8/15 | B23: 总计 | C23: =C21+C22 -> 489.6 | D23: =D21+D22 -> 2046.2 | E23: =E21+E22 -> 1365.6 | F23: =F21+F22 -> 0
A24: 2025-8/18~8/22 | B24: 印度/巴基斯坦 | C24: 277.6 | D24: 1056.6 | E24: 759.8 | F24: 0.4 | H24: 401
A25: 2025-8/18~8/22 | B25: 印尼 | C25: 231.2 | D25: 903 | E25: 551 | F25: 0 | H25: 183
A26: 2025-8/18~8/22 | B26: 总计 | C26: =C24+C25 -> 508.8 | D26: =D24+D25 -> 1959.6 | E26: =E24+E25 -> 1310.8 | F26: =F24+F25 -> 0.4
A27: 2025-8/25~8/29 | B27: 印度/巴基斯坦 | C27: 316.7 | D27: 1217.8 | E27: 904.6 | F27: 0.4 | H27: 383
A28: 2025-8/25~8/29 | B28: 印尼 | C28: 225.9 | D28: 753.6 | E28: 539.6 | F28: 0.2 | H28: 187
A29: 2025-8/25~8/29 | B29: 总计 | C29: =C27+C28 -> 542.6 | D29: =D27+D28 -> 1971.4 | E29: =E27+E28 -> 1444.2 | F29: =F27+F28 -> 0.6
A30: 2025-9/1~9/5 | B30: 印度/巴基斯坦 | C30: 274 | D30: 1140.4 | E30: 777 | F30: 0.6 | H30: 359
A31: 2025-9/1~9/5 | B31: 印尼 | C31: 209.7 | D31: 726.2 | E31: 494.2 | F31: 0 | H31: 192
A32: 2025-9/1~9/5 | B32: 总计 | C32: =C30+C31 -> 483.7 | D32: =D30+D31 -> 1866.6 | E32: =E30+E31 -> 1271.2 | F32: =F30+F31 -> 0.6
A33: 2025-9/8~9/12 | B33: 印度/巴基斯坦 | C33: 310.1 | D33: 1204.8 | E33: 859.4 | F33: 0
A34: 2025-9/8~9/12 | B34: 印尼 | C34: 216.3 | D34: 754.8 | E34: 525.2 | F34: 0
A35: 2025-9/8~9/12 | B35: 总计 | C35: =C33+C34 -> 526.4 | D35: =D33+D34 -> 1959.6 | E35: =E33+E34 -> 1384.6 | F35: =F33+F34 -> 0
A36: 2025-9/15~9/19 | B36: 印度/巴基斯坦 | C36: 324.8 | D36: 1155.2 | E36: 813.8 | F36: 0.4
A37: 2025-9/15~9/19 | B37: 印尼 | C37: 241.3 | D37: 816 | E37: 568.8 | F37: 0.6
A38: 2025-9/15~9/19 | B38: 总计 | C38: =C36+C37 -> 566.1 | D38: =D36+D37 -> 1971.2 | E38: =E36+E37 -> 1382.6 | F38: =F36+F37 -> 1
A39: 2025-9/22~9/26 | B39: 印度/巴基斯坦 | C39: 266.3 | D39: 1100.2 | E39: 792.8 | F39: 1
A40: 2025-9/22~9/26 | B40: 印尼 | C40: 228.9 | D40: 838.6 | E40: 581.4 | F40: 0
A41: 2025-9/22~9/26 | B41: 总计 | C41: =C39+C40 -> 495.2 | D41: =D39+D40 -> 1938.8 | E41: =E39+E40 -> 1374.2 | F41: =F39+F40 -> 1
A42: 2025-9/29~10/3 | B42: 印度/巴基斯坦 | C42: 246.7 | D42: 926.6 | E42: 655.4 | F42: 0
A43: 2025-9/29~10/3 | B43: 印尼 | C43: 261.8 | D43: 849 | E43: 595.2 | F43: 0.6
A44: 2025-9/29~10/3 | B44: 总计 | C44: =C42+C43 -> 508.5 | D44: =D42+D43 -> 1775.6 | E44: =E42+E43 -> 1250.6 | F44: =F42+F43 -> 0.6
A45: 2025-10/6~10/10 | B45: 印度/巴基斯坦 | C45: 282.1 | D45: 1031.6 | E45: 758 | F45: 0.2
A46: 2025-10/6~10/10 | B46: 印尼 | C46: 266.3 | D46: 873 | E46: 604.4 | F46: 0.2
A47: 2025-10/6~10/10 | B47: 总计 | C47: =C45+C46 -> 548.4 | D47: =D45+D46 -> 1904.6 | E47: =E45+E46 -> 1362.4 | F47: =F45+F46 -> 0.4
A48: 2025-10/13~10/17 | B48: 印度/巴基斯坦 | C48: 272.3 | D48: 1019.8 | E48: 699 | F48: 0.4
A49: 2025-10/13~10/17 | B49: 印尼 | C49: 983.2 | D49: 2726.2 | E49: 1928.4 | F49: 0.6
A50: 2025-10/13~10/17 | B50: 总计 | C50: =C48+C49 -> 1255.5 | D50: =D48+D49 -> 3746 | E50: =E48+E49 -> 2627.4 | F50: =F48+F49 -> 1
A51: 2025-10/20~10/24 | B51: 印度/巴基斯坦 | C51: 231.5 | D51: 885.4 | E51: 612.4 | F51: 0
A52: 2025-10/20~10/24 | B52: 印尼 | C52: 455 | D52: 1613.4 | E52: 983.4 | F52: 0.2
A53: 2025-10/20~10/24 | B53: 总计 | C53: =C51+C52 -> 686.5 | D53: =D51+D52 -> 2498.8 | E53: =E51+E52 -> 1595.8 | F53: =F51+F52 -> 0.2
A54: 2025-10/27~10/31 | B54: 印度/巴基斯坦 | C54: 292.4 | D54: 1110.2 | E54: 755.8 | F54: 0.2
A55: 2025-10/27~10/31 | B55: 印尼 | C55: 444.1 | D55: 1437.2 | E55: 942 | F55: 0.2
A56: 2025-10/27~10/31 | B56: 总计 | C56: =C54+C55 -> 736.5 | D56: =D54+D55 -> 2547.4 | E56: =E54+E55 -> 1697.8 | F56: =F54+F55 -> 0.4
A57: 2025-11/3~11/7 | B57: 印度/巴基斯坦 | C57: 349 | D57: 1218.6 | E57: 825.8 | F57: 0.8
A58: 2025-11/3~11/7 | B58: 印尼 | C58: 379.9 | D58: 1187.6 | E58: 823.8 | F58: 0
A59: 2025-11/3~11/7 | B59: 总计 | C59: =C57+C58 -> 728.9 | D59: =D57+D58 -> 2406.2 | E59: =E57+E58 -> 1649.6 | F59: =F57+F58 -> 0.8
A60: 2025-11/10~11/14 | B60: 印度/巴基斯坦 | C60: 325.9 | D60: 1150.4 | E60: 775 | F60: 0
A61: 2025-11/10~11/14 | B61: 印尼 | C61: 375.6 | D61: 1177 | E61: 821.4 | F61: 0.6
A62: 2025-11/10~11/14 | B62: 总计 | C62: =C60+C61 -> 701.5 | D62: =D60+D61 -> 2327.4 | E62: =E60+E61 -> 1596.4 | F62: =F60+F61 -> 0.6
A63: 2025-11/17~11/21 | B63: 印度/巴基斯坦 | C63: 350.5 | D63: 1324.6 | E63: 923.2 | F63: 0
A64: 2025-11/17~11/21 | B64: 印尼 | C64: 422.4 | D64: 1302.2 | E64: 915 | F64: 0
A65: 2025-11/17~11/21 | B65: 总计 | C65: =C63+C64 -> 772.9 | D65: =D63+D64 -> 2626.8 | E65: =E63+E64 -> 1838.2 | F65: =F63+F64 -> 0
A66: 2025-11/24~11/28 | B66: 印度/巴基斯坦 | C66: 303.5 | D66: 1176 | E66: 799.6 | F66: 0.8
A67: 2025-11/24~11/28 | B67: 印尼 | C67: 371.5 | D67: 1203 | E67: 831.8 | F67: 0
A68: 2025-11/24~11/28 | B68: 总计 | C68: =C66+C67 -> 675 | D68: =D66+D67 -> 2379 | E68: =E66+E67 -> 1631.4 | F68: =F66+F67 -> 0.8
A69: 2025-12/1~12/5 | B69: 印度/巴基斯坦 | C69: 312 | D69: 1083 | E69: 759.2 | F69: 0.6
A70: 2025-12/1~12/5 | B70: 印尼 | C70: 368.4 | D70: 1143.6 | E70: 791.6 | F70: 0.2
A71: 2025-12/1~12/5 | B71: 总计 | C71: =C69+C70 -> 680.4 | D71: =D69+D70 -> 2226.6 | E71: =E69+E70 -> 1550.8 | F71: =F69+F70 -> 0.8
A72: 2025-12/8~12/12 | B72: 印度/巴基斯坦 | C72: 293.9 | D72: 1035.8 | E72: 718.2 | F72: 0
A73: 2025-12/8~12/12 | B73: 印尼 | C73: 317.7 | D73: 1021.2 | E73: 673.2 | F73: 0
A74: 2025-12/8~12/12 | B74: 总计 | C74: =C72+C73 -> 611.6 | D74: =D72+D73 -> 2057 | E74: =E72+E73 -> 1391.4 | F74: =F72+F73 -> 0
A75: 2025-12/15~12/19 | B75: 印度/巴基斯坦 | C75: 297.3 | D75: 1123.6 | E75: 785.6 | F75: 0.2
A76: 2025-12/15~12/19 | B76: 印尼 | C76: 413.5 | D76: 1242.8 | E76: 914.6 | F76: 0.4
A77: 2025-12/15~12/19 | B77: 总计 | C77: =C75+C76 -> 710.8 | D77: =D75+D76 -> 2366.4 | E77: =E75+E76 -> 1700.2 | F77: =F75+F76 -> 0.6
A78: 2025-12/22~12/26 | B78: 印度/巴基斯坦 | C78: 307.2 | D78: 1067.8 | E78: 759.4 | F78: 0.4
A79: 2025-12/22~12/26 | B79: 印尼 | C79: 352.4 | D79: 1178.6 | E79: 821.8 | F79: 0
A80: 2025-12/22~12/26 | B80: 总计 | C80: =C78+C79 -> 659.6 | D80: =D78+D79 -> 2246.4 | E80: =E78+E79 -> 1581.2 | F80: =F78+F79 -> 0.4
A81: 2025-12/29~2026-1/2 | B81: 印度/巴基斯坦 | C81: 299 | D81: 992.6 | E81: 702.6 | F81: 0.2
A82: 2025-12/29~2026-1/2 | B82: 印尼 | C82: 400.5 | D82: 1140.4 | E82: 834.4 | F82: 0.2
A83: 2025-12/29~2026-1/2 | B83: 总计 | C83: =C81+C82 -> 699.5 | D83: =D81+D82 -> 2133 | E83: =E81+E82 -> 1537 | F83: =F81+F82 -> 0.4
A84: 2026-1/5~1/9 | B84: 印度/巴基斯坦 | C84: 329.9 | D84: 1297.4 | E84: 876.4 | F84: 0.6 | G84: =(5280+517)/5 -> 1159.4 | H84: =313+21 -> 334 | I84: =(181634+22509)/5 -> 40828.6 | J84: =G84/I84 -> 0.028396761
A85: 2026-1/5~1/9 | B85: 印尼 | C85: 398.9 | D85: 1283 | E85: 911 | F85: 0 | G85: =6037/5 -> 1207.4 | H85: 178 | I85: =191122/5 -> 38224.4 | J85: =G85/I85 -> 0.031587154
A86: 2026-1/5~1/9 | B86: 总计 | C86: =C84+C85 -> 728.8 | D86: =D84+D85 -> 2580.4 | E86: =E84+E85 -> 1787.4 | F86: =F84+F85 -> 0.6 | G86: =G84+G85 -> 2366.8 | H86: =H84+H85 -> 512 | I86: =I84+I85 -> 79053 | J86: =G86/I86 -> 0.029939408
A87: 2026-1/12~1/16 | B87: 印度/巴基斯坦 | C87: 367.3 | D87: 1204.2 | E87: 867 | F87: 0 | G87: =(5089+573)/5 -> 1132.4 | H87: =327+21 -> 348 | I87: =(179976+22475)/5 -> 40490.2 | J87: =G87/I87 -> 0.027967261
A88: 2026-1/12~1/16 | B88: 印尼 | C88: 762.7 | D88: 1966 | E88: 1494.8 | F88: 0.2 | G88: =10367/5 -> 2073.4 | H88: 186 | I88: =186982/5 -> 37396.4 | J88: =G88/I88 -> 0.05544384
A89: 2026-1/12~1/16 | B89: 总计 | C89: =C87+C88 -> 1130 | D89: =D87+D88 -> 3170.2 | E89: =E87+E88 -> 2361.8 | F89: =F87+F88 -> 0.2 | G89: =G87+G88 -> 3205.8 | H89: =H87+H88 -> 534 | I89: =I87+I88 -> 77886.6 | J89: =G89/I89 -> 0.04115984
A90: 2026-1/19~1/23 | B90: 印度/巴基斯坦 | C90: 377.2 | D90: 1313.6 | E90: 920.8 | F90: 0.2 | G90: =(5446+638)/5 -> 1216.8 | H90: =330+22 -> 352 | I90: =(219132+25551)/5 -> 48936.6 | J90: =G90/I90 -> 0.024864825
A91: 2026-1/19~1/23 | B91: 印尼 | C91: 539.5 | D91: 1611 | E91: 1182 | F91: 1 | G91: =7579/5 -> 1515.8 | H91: 189 | I91: =214498/5 -> 42899.6 | J91: =G91/I91 -> 0.035333663
A92: 2026-1/19~1/23 | B92: 总计 | C92: =C90+C91 -> 916.7 | D92: =D90+D91 -> 2924.6 | E92: =E90+E91 -> 2102.8 | F92: =F90+F91 -> 1.2 | G92: =G90+G91 -> 2732.6 | H92: =H90+H91 -> 541 | I92: =I90+I91 -> 91836.2 | J92: =G92/I92 -> 0.029755151
A93: 2026-1/26~1/30 | B93: 印度/巴基斯坦 | C93: 391.8 | D93: 1363.2 | E93: 970.2 | F93: 0 | G93: =(5985+664)/5 -> 1329.8 | H93: =342+19 -> 361 | I93: =(243042+27742)/5 -> 54156.8 | J93: =G93/I93 -> 0.024554627
A94: 2026-1/26~1/30 | B94: 印尼 | C94: 524.4 | D94: 1606.8 | E94: 1168.8 | F94: 0.8 | G94: =7659/5 -> 1531.8 | H94: 197 | I94: =239822/5 -> 47964.4 | J94: =G94/I94 -> 0.031936186
A95: 2026-1/26~1/30 | B95: 总计 | C95: =C93+C94 -> 916.2 | D95: =D93+D94 -> 2970 | E95: =E93+E94 -> 2139 | F95: =F93+F94 -> 0.8 | G95: =G93+G94 -> 2861.6 | H95: =H93+H94 -> 558 | I95: =I93+I94 -> 102121.2 | J95: =G95/I95 -> 0.028021606
A96: 2026-2/2~2/6 | B96: 印度/巴基斯坦 | C96: 202.8 | D96: 1011.6 | E96: 764.8 | F96: 0.4 | G96: =(5485+568)/5 -> 1210.6 | H96: =352+22 -> 374 | I96: =(228960+568)/5 -> 45905.6 | J96: =G96/I96 -> 0.02637151
A97: 2026-2/2~2/6 | B97: 印尼 | C97: 294 | D97: 1345.8 | E97: 1039.4 | F97: 0.6 | G97: =8276/5 -> 1655.2 | H97: 210 | I97: =276613/5 -> 55322.6 | J97: =G97/I97 -> 0.029919057
A98: 2026-2/2~2/6 | B98: 总计 | C98: =C96+C97 -> 496.8 | D98: =D96+D97 -> 2357.4 | E98: =E96+E97 -> 1804.2 | F98: =F96+F97 -> 1 | G98: =G96+G97 -> 2865.8 | H98: =H96+H97 -> 584 | I98: =I96+I97 -> 101228.2 | J98: =G98/I98 -> 0.028310293
A99: 2026-2/9~2/13 | B99: 印度/巴基斯坦 | C99: 415.6 | D99: 1373.2 | E99: 1026.2 | F99: 0.6 | G99: =(6060+718)/5 -> 1355.6 | H99: =367+28 -> 395 | I99: =(227797+27696)/5 -> 51098.6 | J99: =G99/I99 -> 0.026529103
A100: 2026-2/9~2/13 | B100: 印尼 | C100: 532.4 | D100: 1626.4 | E100: 1196 | F100: 0.2 | G100: =7948/5 -> 1589.6 | H100: 202 | I100: =268189/5 -> 53637.8 | J100: =G100/I100 -> 0.029635817
...

Sheet WEB转化
E1: BI | F1: BI手动 | I1: BI | L1: BI | O1: BI | R1: BI | T1: BI | V1: BI | Y1: BI | AB1: BI | AE1: BI
I2: 商业内容 | L2: VPS活跃 | O2: 交易商搜索量 | R2: 交易商详情页 | T2: 交易商详情页外跳 | V2: 曝光内容 | Y2: 新闻内容 | AB2: 排行榜 | AE2: 评论
A3: 周数 | B3: 地区 | C3: 自然小BU | D3: 自然北极星 | E3: 自然uv | F3: 9点位去重人数 | G3: 9点位去重人数/UV | H3: 事件总数/9点位去重人数 | I3: 商业页面访问数 | J3: 商业频道首页访问数 | K3: 商业/（日活+频道首页） | L3: VPS页面访问数 | M3: VPS频道首页访问数 | N3: VPS/（日活+频道首页） | O3: 交易商搜索页面访问数 | P3: 所有搜索框访问数 | Q3: 搜索/（日活+频道首页） | R3: 交易商详情页面访问数 | S3: 交访/日活率 | T3: 外跳点击数 | U3: 外跳/交访率 | V3: 曝光页面访问数 | W3: 频道首页访问数 | X3: 曝光/（日活+频道首页） | Y3: 新闻页面访问数 | Z3: 新闻频道首页访问数 | AA3: 新闻/（日活+频道首页） | AB3: 排行榜页面访问数 | AC3: 排行榜频道首页访问数 | AD3: 排行榜/（日活+频道首页） | AE3: 评论页面访问数 | AF3: 评论/（交易商访问）
A4: 2025-6/30~7/4 | B4: 印度/巴基斯坦 | D4: 256.1 | E4: 1061 | F4: 882.6 | G4: =F4/E4 -> 0.83185674 | H4: =(I4+L4+O4+R4+T4+V4+Y4+AB4+AE4)/F4 -> 1.5293451 | I4: 32.6 | J4: 0.4 | K4: =I4/(E4+J4) -> 0.030714151 | L4: 3.6 | M4: 0 | N4: =L4/(E4+M4) -> 0.0033930254 | O4: 282.8 | P4: 282.8 | Q4: =O4/(E4+P4) -> 0.21044798 | R4: 721.2 | S4: =R4/E4 -> 0.6797361 | T4: 105.6 | U4: =T4/R4 -> 0.14642263 | V4: 9.6 | W4: 0 | X4: =V4/(E4+W4) -> 0.0090480679 | Y4: 101.2 | Z4: 1.4 | AA4: =Y4/(E4+Z4) -> 0.095256024 | AB4: 49 | AC4: 0 | AD4: =AB4/(E4+AC4) -> 0.046182846 | AE4: 44.2 | AF4: =AE4/R4 -> 0.061286744
A5: 2025-6/30~7/4 | B5: 印尼 | D5: 240.6 | E5: 834.4 | F5: 721.6 | G5: =F5/E5 -> 0.86481304 | H5: =(I5+L5+O5+R5+T5+V5+Y5+AB5+AE5)/F5 -> 1.6992794 | I5: 48.2 | J5: 0.4 | K5: =I5/(E5+J5) -> 0.05773838 | L5: 14.2 | M5: 0 | N5: =L5/(E5+M5) -> 0.017018217 | O5: 220.4 | P5: 220.4 | Q5: =O5/(E5+P5) -> 0.20894956 | R5: 533.2 | S5: =R5/E5 -> 0.63902205 | T5: 159.2 | U5: =T5/R5 -> 0.29857464 | V5: 16.2 | W5: 0 | X5: =V5/(E5+W5) -> 0.019415149 | Y5: 132.4 | Z5: 1.6 | AA5: =Y5/(E5+Z5) -> 0.15837321 | AB5: 66 | AC5: 0 | AD5: =AB5/(E5+AC5) -> 0.079098754 | AE5: 36.4 | AF5: =AE5/R5 -> 0.068267067
A6: 2025-6/30~7/4 | B6: 总计 | D6: =D4+D5 -> 496.7 | E6: =E4+E5 -> 1895.4 | F6: =F4+F5 -> 1604.2 | G6: =F6/E6 -> 0.84636488 | H6: =(I6+L6+O6+R6+T6+V6+Y6+AB6+AE6)/F6 -> 1.6057848 | I6: =I4+I5 -> 80.8 | J6: =J4+J5 -> 0.8 | K6: =I6/(E6+J6) -> 0.042611539 | L6: =L4+L5 -> 17.8 | N6: =L6/(E6+M6) -> 0.0093911575 | O6: =O4+O5 -> 503.2 | P6: =P4+P5 -> 503.2 | Q6: =O6/(E6+P6) -> 0.20978904 | R6: =R4+R5 -> 1254.4 | S6: =R6/E6 -> 0.66181281 | T6: =T4+T5 -> 264.8 | U6: =T6/R6 -> 0.21109694 | V6: =V4+V5 -> 25.8 | X6: =V6/(E6+W6) -> 0.013611903 | Y6: =Y4+Y5 -> 233.6 | Z6: =Z4+Z5 -> 3 | AA6: =Y6/(E6+Z6) -> 0.12305099 | AB6: =AB4+AB5 -> 115 | AD6: =AB6/(E6+AC6) -> 0.060673209 | AE6: =AE4+AE5 -> 80.6 | AF6: =AE6/R6 -> 0.064253827
A7: 2025-7/7~7/11 | B7: 印度/巴基斯坦 | D7: 264 | E7: 1097 | F7: 929.4 | G7: =F7/E7 -> 0.84721969 | H7: =(I7+L7+O7+R7+T7+V7+Y7+AB7+AE7)/F7 -> 1.5455132 | I7: 32.8 | J7: 0 | K7: =I7/(E7+J7) -> 0.029899727 | L7: 3.8 | M7: 0 | N7: =L7/(E7+M7) -> 0.0034639927 | O7: 312.6 | P7: 312.6 | Q7: =O7/(E7+P7) -> 0.22176504 | R7: 779.8 | S7: =R7/E7 -> 0.71084777 | T7: 106.2 | U7: =T7/R7 -> 0.13618877 | V7: 11 | W7: 0 | X7: =V7/(E7+W7) -> 0.010027347 | Y7: 84.8 | Z7: 2.2 | AA7: =Y7/(E7+Z7) -> 0.077147016 | AB7: 59.4 | AC7: 0 | AD7: =AB7/(E7+AC7) -> 0.054147675 | AE7: 46 | AF7: =AE7/R7 -> 0.058989484
A8: 2025-7/7~7/11 | B8: 印尼 | D8: 226.6 | E8: 794.8 | F8: 698.6 | G8: =F8/E8 -> 0.87896326 | H8: =(I8+L8+O8+R8+T8+V8+Y8+AB8+AE8)/F8 -> 1.7489264 | I8: 54.2 | J8: 0.4 | K8: =I8/(E8+J8) -> 0.068158954 | L8: 11.2 | M8: 0 | N8: =L8/(E8+M8) -> 0.014091595 | O8: 231.4 | P8: 231.4 | Q8: =O8/(E8+P8) -> 0.22549211 | R8: 513 | S8: =R8/E8 -> 0.6454454 | T8: 156 | U8: =T8/R8 -> 0.30409357 | V8: 17.4 | W8: 0 | X8: =V8/(E8+W8) -> 0.0218923 | Y8: 125.2 | Z8: 0.6 | AA8: =Y8/(E8+Z8) -> 0.15740508 | AB8: 77.4 | AC8: 0 | AD8: =AB8/(E8+AC8) -> 0.097382989 | AE8: 36 | AF8: =AE8/R8 -> 0.070175439
A9: 2025-7/7~7/11 | B9: 总计 | D9: =D7+D8 -> 490.6 | E9: =E7+E8 -> 1891.8 | F9: =F7+F8 -> 1628 | G9: =F9/E9 -> 0.86055608 | H9: =(I9+L9+O9+R9+T9+V9+Y9+AB9+AE9)/F9 -> 1.632801 | I9: =I7+I8 -> 87 | J9: =J7+J8 -> 0.4 | K9: =I9/(E9+J9) -> 0.045978226 | L9: =L7+L8 -> 15 | N9: =L9/(E9+M9) -> 0.0079289565 | O9: =O7+O8 -> 544 | P9: =P7+P8 -> 544 | Q9: =O9/(E9+P9) -> 0.22333525 | R9: =R7+R8 -> 1292.8 | S9: =R9/E9 -> 0.68337034 | T9: =T7+T8 -> 262.2 | U9: =T9/R9 -> 0.20281559 | V9: =V7+V8 -> 28.4 | X9: =V9/(E9+W9) -> 0.015012158 | Y9: =Y7+Y8 -> 210 | Z9: =Z7+Z8 -> 2.8 | AA9: =Y9/(E9+Z9) -> 0.11084134 | AB9: =AB7+AB8 -> 136.8 | AD9: =AB9/(E9+AC9) -> 0.072312084 | AE9: =AE7+AE8 -> 82 | AF9: =AE9/R9 -> 0.063428218
A10: 2025-7/14~7/18 | B10: 印度/巴基斯坦 | D10: 300.9 | E10: 1124 | F10: 970.4 | G10: =F10/E10 -> 0.8633452 | H10: =(I10+L10+O10+R10+T10+V10+Y10+AB10+AE10)/F10 -> 1.5684254 | I10: 41.8 | J10: 0.4 | K10: =I10/(E10+J10) -> 0.037175382 | L10: 6.6 | M10: 0 | N10: =L10/(E10+M10) -> 0.0058718861 | O10: 346.6 | P10: 346.6 | Q10: =O10/(E10+P10) -> 0.23568611 | R10: 827.4 | S10: =R10/E10 -> 0.736121 | T10: 112.4 | U10: =T10/R10 -> 0.13584723 | V10: 11.6 | W10: 0 | X10: =V10/(E10+W10) -> 0.010320285 | Y10: 75.4 | Z10: 1.4 | AA10: =Y10/(E10+Z10) -> 0.066998401 | AB10: 53 | AC10: 0 | AD10: =AB10/(E10+AC10) -> 0.047153025 | AE10: 47.2 | AF10: =AE10/R10 -> 0.057046169
A11: 2025-7/14~7/18 | B11: 印尼 | D11: 267 | E11: 836.6 | F11: 741.4 | G11: =F11/E11 -> 0.88620607 | H11: =(I11+L11+O11+R11+T11+V11+Y11+AB11+AE11)/F11 -> 1.7914756 | I11: 55.4 | J11: 0.4 | K11: =I11/(E11+J11) -> 0.066188769 | L11: 13.8 | M11: 0 | N11: =L11/(E11+M11) -> 0.016495338 | O11: 260.6 | P11: 260.6 | Q11: =O11/(E11+P11) -> 0.23751367 | R11: 571.2 | S11: =R11/E11 -> 0.68276357 | T11: 173.2 | U11: =T11/R11 -> 0.30322129 | V11: 20.8 | W11: 0 | X11: =V11/(E11+W11) -> 0.024862539 | Y11: 114 | Z11: 2.6 | AA11: =Y11/(E11+Z11) -> 0.13584366 | AB11: 79.8 | AC11: 0 | AD11: =AB11/(E11+AC11) -> 0.095386087 | AE11: 39.4 | AF11: =AE11/R11 -> 0.068977591
A12: 2025-7/14~7/18 | B12: 总计 | D12: =D10+D11 -> 567.9 | E12: =E10+E11 -> 1960.6 | F12: =F10+F11 -> 1711.8 | G12: =F12/E12 -> 0.87310007 | H12: =(I12+L12+O12+R12+T12+V12+Y12+AB12+AE12)/F12 -> 1.665031 | I12: =I10+I11 -> 97.2 | J12: =J10+J11 -> 0.8 | K12: =I12/(E12+J12) -> 0.049556439 | L12: =L10+L11 -> 20.4 | N12: =L12/(E12+M12) -> 0.010404978 | O12: =O10+O11 -> 607.2 | P12: =P10+P11 -> 607.2 | Q12: =O12/(E12+P12) -> 0.23646701 | R12: =R10+R11 -> 1398.6 | S12: =R12/E12 -> 0.71335306 | T12: =T10+T11 -> 285.6 | U12: =T12/R12 -> 0.2042042 | V12: =V10+V11 -> 32.4 | X12: =V12/(E12+W12) -> 0.016525553 | Y12: =Y10+Y11 -> 189.4 | Z12: =Z10+Z11 -> 4 | AA12: =Y12/(E12+Z12) -> 0.096406393 | AB12: =AB10+AB11 -> 132.8 | AD12: =AB12/(E12+AC12) -> 0.067734367 | AE12: =AE10+AE11 -> 86.6 | AF12: =AE12/R12 -> 0.061919062
A13: 2025-7/21~7/25 | B13: 印度/巴基斯坦 | D13: 291.3 | E13: 1191.6 | F13: 1029.8 | G13: =F13/E13 -> 0.86421618 | H13: =(I13+L13+O13+R13+T13+V13+Y13+AB13+AE13)/F13 -> 1.5604972 | I13: 40.8 | J13: 0.2 | K13: =I13/(E13+J13) -> 0.034233932 | L13: 4.4 | M13: 0 | N13: =L13/(E13+M13) -> 0.0036925143 | O13: 348.6 | P13: 348.6 | Q13: =O13/(E13+P13) -> 0.22633424 | R13: 877.4 | S13: =R13/E13 -> 0.73632091 | T13: 121.8 | U13: =T13/R13 -> 0.13881924 | V13: 14.4 | W13: 0 | X13: =V13/(E13+W13) -> 0.012084592 | Y13: 88 | Z13: 1.6 | AA13: =Y13/(E13+Z13) -> 0.073751257 | AB13: 60.8 | AC13: 0 | AD13: =AB13/(E13+AC13) -> 0.051023834 | AE13: 50.8 | AF13: =AE13/R13 -> 0.057898336
A14: 2025-7/21~7/25 | B14: 印尼 | D14: 248.2 | E14: 842.6 | F14: 739.8 | G14: =F14/E14 -> 0.87799668 | H14: =(I14+L14+O14+R14+T14+V14+Y14+AB14+AE14)/F14 -> 1.7780481 | I14: 54.4 | J14: 0 | K14: =I14/(E14+J14) -> 0.06456207 | L14: 11.8 | M14: 0 | N14: =L14/(E14+M14) -> 0.014004272 | O14: 253 | P14: 253 | Q14: =O14/(E14+P14) -> 0.23092369 | R14: 563.4 | S14: =R14/E14 -> 0.66864467 | T14: 177.2 | U14: =T14/R14 -> 0.31451899 | V14: 14 | W14: 0 | X14: =V14/(E14+W14) -> 0.016615239 | Y14: 108.8 | Z14: 1.2 | AA14: =Y14/(E14+Z14) -> 0.12894051 | AB14: 94 | AC14: 0 | AD14: =AB14/(E14+AC14) -> 0.11155946 | AE14: 38.8 | AF14: =AE14/R14 -> 0.06886759
A15: 2025-7/21~7/25 | B15: 总计 | D15: =D13+D14 -> 539.5 | E15: =E13+E14 -> 2034.2 | F15: =F13+F14 -> 1769.6 | G15: =F15/E15 -> 0.86992429 | H15: =(I15+L15+O15+R15+T15+V15+Y15+AB15+AE15)/F15 -> 1.6514467 | I15: =I13+I14 -> 95.2 | J15: =J13+J14 -> 0.2 | K15: =I15/(E15+J15) -> 0.046795124 | L15: =L13+L14 -> 16.2 | N15: =L15/(E15+M15) -> 0.0079638187 | O15: =O13+O14 -> 601.6 | P15: =P13+P14 -> 601.6 | Q15: =O15/(E15+P15) -> 0.2282419 | R15: =R13+R14 -> 1440.8 | S15: =R15/E15 -> 0.70828827 | T15: =T13+T14 -> 299 | U15: =T15/R15 -> 0.2075236 | V15: =V13+V14 -> 28.4 | X15: =V15/(E15+W15) -> 0.013961262 | Y15: =Y13+Y14 -> 196.8 | Z15: =Z13+Z14 -> 2.8 | AA15: =Y15/(E15+Z15) -> 0.096612666 | AB15: =AB13+AB14 -> 154.8 | AD15: =AB15/(E15+AC15) -> 0.076098712 | AE15: =AE13+AE14 -> 89.6 | AF15: =AE15/R15 -> 0.062187674
A16: 2025-7/28~8/1 | B16: 印度/巴基斯坦 | D16: 293.4 | E16: 1334.8 | F16: 1123.4 | G16: =F16/E16 -> 0.84162421 | H16: =(I16+L16+O16+R16+T16+V16+Y16+AB16+AE16)/F16 -> 1.5127292 | I16: 41 | J16: 0.2 | K16: =I16/(E16+J16) -> 0.03071161 | L16: 5.2 | M16: 0 | N16: =L16/(E16+M16) -> 0.0038957147 | O16: 355.8 | P16: 355.8 | Q16: =O16/(E16+P16) -> 0.21045783 | R16: 964.4 | S16: =R16/E16 -> 0.72250524 | T16: 127.4 | U16: =T16/R16 -> 0.13210286 | V16: 12.6 | W16: 0 | X16: =V16/(E16+W16) -> 0.0094396164 | Y16: 78.4 | Z16: 1.8 | AA16: =Y16/(E16+Z16) -> 0.058656292 | AB16: 67.8 | AC16: 0 | AD16: =AB16/(E16+AC16) -> 0.050794126 | AE16: 46.8 | AF16: =AE16/R16 -> 0.048527582
A17: 2025-7/28~8/1 | B17: 印尼 | D17: 230.1 | E17: 911.4 | F17: 736 | G17: =F17/E17 -> 0.80754883 | H17: =(I17+L17+O17+R17+T17+V17+Y17+AB17+AE17)/F17 -> 1.7013587 | I17: 52.4 | J17: 0.2 | K17: =I17/(E17+J17) -> 0.057481351 | L17: 10.6 | M17: 0 | N17: =L17/(E17+M17) -> 0.011630459 | O17: 227.6 | P17: 227.6 | Q17: =O17/(E17+P17) -> 0.19982441 | R17: 545.8 | S17: =R17/E17 -> 0.5988589 | T17: 165 | U17: =T17/R17 -> 0.30230854 | V17: 24 | W17: 0 | X17: =V17/(E17+W17) -> 0.026333114 | Y17: 117.8 | Z17: 2.4 | AA17: =Y17/(E17+Z17) -> 0.12891223 | AB17: 77 | AC17: 0 | AD17: =AB17/(E17+AC17) -> 0.084485407 | AE17: 32 | AF17: =AE17/R17 -> 0.058629535
A18: 2025-7/28~8/1 | B18: 总计 | D18: =D16+D17 -> 523.5 | E18: =E16+E17 -> 2246.2 | F18: =F16+F17 -> 1859.4 | G18: =F18/E18 -> 0.82779806 | H18: =(I18+L18+O18+R18+T18+V18+Y18+AB18+AE18)/F18 -> 1.5873938 | I18: =I16+I17 -> 93.4 | J18: =J16+J17 -> 0.4 | K18: =I18/(E18+J18) -> 0.041573934 | L18: =L16+L17 -> 15.8 | N18: =L18/(E18+M18) -> 0.007034102 | O18: =O16+O17 -> 583.4 | P18: =P16+P17 -> 583.4 | Q18: =O18/(E18+P18) -> 0.20617755 | R18: =R16+R17 -> 1510.2 | S18: =R18/E18 -> 0.6723355 | T18: =T16+T17 -> 292.4 | U18: =T18/R18 -> 0.19361674 | V18: =V16+V17 -> 36.6 | X18: =V18/(E18+W18) -> 0.016294186 | Y18: =Y16+Y17 -> 196.2 | Z18: =Z16+Z17 -> 4.2 | AA18: =Y18/(E18+Z18) -> 0.087184501 | AB18: =AB16+AB17 -> 144.8 | AD18: =AB18/(E18+AC18) -> 0.064464429 | AE18: =AE16+AE17 -> 78.8 | AF18: =AE18/R18 -> 0.052178519
A19: 2025-8/4~8/8 | B19: 印度/巴基斯坦 | D19: 291.3 | E19: 1143.8 | F19: 971.2 | G19: =F19/E19 -> 0.84909949 | H19: =(I19+L19+O19+R19+T19+V19+Y19+AB19+AE19)/F19 -> 1.5928748 | I19: 31.2 | J19: 0 | K19: =I19/(E19+J19) -> 0.027277496 | L19: 6.4 | M19: 0 | N19: =L19/(E19+M19) -> 0.0055953838 | O19: 351 | P19: 351 | Q19: =O19/(E19+P19) -> 0.23481402 | R19: 830 | S19: =R19/E19 -> 0.72565134 | T19: 123.6 | U19: =T19/R19 -> 0.14891566 | V19: 11.2 | W19: 0 | X19: =V19/(E19+W19) -> 0.0097919217 | Y19: 84.8 | Z19: 1.4 | AA19: =Y19/(E19+Z19) -> 0.074048201 | AB19: 60 | AC19: 0 | AD19: =AB19/(E19+AC19) -> 0.052456723 | AE19: 48.8 | AF19: =AE19/R19 -> 0.058795181
A20: 2025-8/4~8/8 | B20: 印尼 | D20: 240.4 | E20: 837.4 | F20: 713 | G20: =F20/E20 -> 0.85144495 | H20: =(I20+L20+O20+R20+T20+V20+Y20+AB20+AE20)/F20 -> 1.7525947 | I20: 53.2 | J20: 0.6 | K20: =I20/(E20+J20) -> 0.063484487 | L20: 11.6 | M20: 0 | N20: =L20/(E20+M20) -> 0.0138524 | O20: 254.8 | P20: 254.8 | Q20: =O20/(E20+P20) -> 0.23329061 | R20: 539 | S20: =R20/E20 -> 0.64365894 | T20: 154.6 | U20: =T20/R20 -> 0.28682746 | V20: 20.2 | W20: 0 | X20: =V20/(E20+W20) -> 0.024122283 | Y20: 106.2 | Z20: 1.2 | AA20: =Y20/(E20+Z20) -> 0.12663964 | AB20: 74 | AC20: 0 | AD20: =AB20/(E20+AC20) -> 0.08836876 | AE20: 36 | AF20: =AE20/R20 -> 0.066790353
A21: 2025-8/4~8/8 | B21: 总计 | D21: =D19+D20 -> 531.7 | E21: =E19+E20 -> 1981.2 | F21: =F19+F20 -> 1684.2 | G21: =F21/E21 -> 0.85009085 | H21: =(I21+L21+O21+R21+T21+V21+Y21+AB21+AE21)/F21 -> 1.6604916 | I21: =I19+I20 -> 84.4 | J21: =J19+J20 -> 0.6 | K21: =I21/(E21+J21) -> 0.042587547 | L21: =L19+L20 -> 18 | N21: =L21/(E21+M21) -> 0.0090854028 | O21: =O19+O20 -> 605.8 | P21: =P19+P20 -> 605.8 | Q21: =O21/(E21+P21) -> 0.23417085 | R21: =R19+R20 -> 1369 | S21: =R21/E21 -> 0.69099536 | T21: =T19+T20 -> 278.2 | U21: =T21/R21 -> 0.20321402 | V21: =V19+V20 -> 31.4 | X21: =V21/(E21+W21) -> 0.01584898 | Y21: =Y19+Y20 -> 191 | Z21: =Z19+Z20 -> 2.6 | AA21: =Y21/(E21+Z21) -> 0.096279867 | AB21: =AB19+AB20 -> 134 | AD21: =AB21/(E21+AC21) -> 0.067635776 | AE21: =AE19+AE20 -> 84.8 | AF21: =AE21/R21 -> 0.061943024
A22: 2025-8/11~8/15 | B22: 印度/巴基斯坦 | D22: 268.2 | E22: 1138.6 | F22: 923.4 | G22: =F22/E22 -> 0.81099596 | H22: =(I22+L22+O22+R22+T22+V22+Y22+AB22+AE22)/F22 -> 1.5789474 | I22: 33.2 | J22: 0.2 | K22: =I22/(E22+J22) -> 0.029153495 | L22: 5.8 | M22: 0 | N22: =L22/(E22+M22) -> 0.0050939751 | O22: 334.2 | P22: 334.2 | Q22: =O22/(E22+P22) -> 0.22691472 | R22: 784.6 | S22: =R22/E22 -> 0.68909187 | T22: 112.6 | U22: =T22/R22 -> 0.14351262 | V22: 8.6 | W22: 0 | X22: =V22/(E22+W22) -> 0.0075531354 | Y22: 87.6 | Z22: 1.8 | AA22: =Y22/(E22+Z22) -> 0.076815153 | AB22: 50.2 | AC22: 0 | AD22: =AB22/(E22+AC22) -> 0.044089232 | AE22: 41.2 | AF22: =AE22/R22 -> 0.052510834
A23: 2025-8/11~8/15 | B23: 印尼 | D23: 221.4 | E23: 907.6 | F23: 693.2 | G23: =F23/E23 -> 0.76377259 | H23: =(I23+L23+O23+R23+T23+V23+Y23+AB23+AE23)/F23 -> 1.7152337 | I23: 50.6 | J23: 0.2 | K23: =I23/(E23+J23) -> 0.05573915 | L23: 15.4 | M23: 0 | N23: =L23/(E23+M23) -> 0.016967827 | O23: 230.8 | P23: 230.8 | Q23: =O23/(E23+P23) -> 0.20274069 | R23: 521.4 | S23: =R23/E23 -> 0.57448215 | T23: 142 | U23: =T23/R23 -> 0.27234369 | V23: 15 | W23: 0 | X23: =V23/(E23+W23) -> 0.016527104 | Y23: 109.2 | Z23: 1.2 | AA23: =Y23/(E23+Z23) -> 0.12015845 | AB23: 69 | AC23: 0 | AD23: =AB23/(E23+AC23) -> 0.07602468 | AE23: 35.6 | AF23: =AE23/R23 -> 0.068277714
A24: 2025-8/11~8/15 | B24: 总计 | D24: =D22+D23 -> 489.6 | E24: =E22+E23 -> 2046.2 | F24: =F22+F23 -> 1616.6 | G24: =F24/E24 -> 0.79004985 | H24: =(I24+L24+O24+R24+T24+V24+Y24+AB24+AE24)/F24 -> 1.6373871 | I24: =I22+I23 -> 83.8 | J24: =J22+J23 -> 0.4 | K24: =I24/(E24+J24) -> 0.040945959 | L24: =L22+L23 -> 21.2 | N24: =L24/(E24+M24) -> 0.010360669 | O24: =O22+O23 -> 565 | P24: =P22+P23 -> 565 | Q24: =O24/(E24+P24) -> 0.21637561 | R24: =R22+R23 -> 1306 | S24: =R24/E24 -> 0.63825628 | T24: =T22+T23 -> 254.6 | U24: =T24/R24 -> 0.1949464 | V24: =V22+V23 -> 23.6 | X24: =V24/(E24+W24) -> 0.011533574 | Y24: =Y22+Y23 -> 196.8 | Z24: =Z22+Z23 -> 3 | AA24: =Y24/(E24+Z24) -> 0.096037478 | AB24: =AB22+AB23 -> 119.2 | AD24: =AB24/(E24+AC24) -> 0.058254325 | AE24: =AE22+AE23 -> 76.8 | AF24: =AE24/R24 -> 0.058805513
A25: 2025-8/18~8/22 | B25: 印度/巴基斯坦 | D25: 277.6 | E25: 1056.6 | F25: 887.8 | G25: =F25/E25 -> 0.84024229 | H25: =(I25+L25+O25+R25+T25+V25+Y25+AB25+AE25)/F25 -> 1.5814373 | I25: 37.6 | J25: 0 | K25: =I25/(E25+J25) -> 0.035585841 | L25: 2.6 | M25: 0 | N25: =L25/(E25+M25) -> 0.0024607231 | O25: 335.8 | P25: 335.8 | Q25: =O25/(E25+P25) -> 0.24116633 | R25: 753.2 | S25: =R25/E25 -> 0.71285255 | T25: 108.2 | U25: =T25/R25 -> 0.14365374 | V25: 6.8 | W25: 0 | X25: =V25/(E25+W25) -> 0.0064357373 | Y25: 69.6 | Z25: 0.8 | AA25: =Y25/(E25+Z25) -> 0.065821827 | AB25: 47.8 | AC25: 0 | AD25: =AB25/(E25+AC25) -> 0.045239447 | AE25: 42.4 | AF25: =AE25/R25 -> 0.056293149
A26: 2025-8/18~8/22 | B26: 印尼 | D26: 231.2 | E26: 903 | F26: 669.6 | G26: =F26/E26 -> 0.74152824 | H26: =(I26+L26+O26+R26+T26+V26+Y26+AB26+AE26)/F26 -> 1.7132616 | I26: 45.8 | J26: 0 | K26: =I26/(E26+J26) -> 0.050719823 | L26: 21.2 | M26: 0 | N26: =L26/(E26+M26) -> 0.023477298 | O26: 222.8 | P26: 222.8 | Q26: =O26/(E26+P26) -> 0.19790371 | R26: 493.6 | S26: =R26/E26 -> 0.54662237 | T26: 148.4 | U26: =T26/R26 -> 0.3006483 | V26: 11.2 | W26: 0 | X26: =V26/(E26+W26) -> 0.012403101 | Y26: 109.4 | Z26: 1.2 | AA26: =Y26/(E26+Z26) -> 0.12099093 | AB26: 64.8 | AC26: 0 | AD26: =AB26/(E26+AC26) -> 0.071760797 | AE26: 30 | AF26: =AE26/R26 -> 0.060777958
A27: 2025-8/18~8/22 | B27: 总计 | D27: =D25+D26 -> 508.8 | E27: =E25+E26 -> 1959.6 | F27: =F25+F26 -> 1557.4 | G27: =F27/E27 -> 0.79475403 | H27: =(I27+L27+O27+R27+T27+V27+Y27+AB27+AE27)/F27 -> 1.6381148 | I27: =I25+I26 -> 83.4 | J27: =J25+J26 -> 0 | K27: =I27/(E27+J27) -> 0.042559706 | L27: =L25+L26 -> 23.8 | N27: =L27/(E27+M27) -> 0.012145336 | O27: =O25+O26 -> 558.6 | P27: =P25+P26 -> 558.6 | Q27: =O27/(E27+P27) -> 0.22182511 | R27: =R25+R26 -> 1246.8 | S27: =R27/E27 -> 0.6362523 | T27: =T25+T26 -> 256.6 | U27: =T27/R27 -> 0.20580687 | V27: =V25+V26 -> 18 | X27: =V27/(E27+W27) -> 0.0091855481 | Y27: =Y25+Y26 -> 179 | Z27: =Z25+Z26 -> 2 | AA27: =Y27/(E27+Z27) -> 0.091252039 | AB27: =AB25+AB26 -> 112.6 | AD27: =AB27/(E27+AC27) -> 0.057460706 | AE27: =AE25+AE26 -> 72.4 | AF27: =AE27/R27 -> 0.058068656
A28: 2025-8/25~8/29 | B28: 印度/巴基斯坦 | D28: 316.7 | E28: 1217.8 | F28: 1022.6 | G28: =F28/E28 -> 0.83971095 | H28: =(I28+L28+O28+R28+T28+V28+Y28+AB28+AE28)/F28 -> 1.6262468 | I28: 43.8 | J28: 0.4 | K28: =I28/(E28+J28) -> 0.035954687 | L28: 7.4 | M28: 0 | N28: =L28/(E28+M28) -> 0.0060765315 | O28: 399.2 | P28: 399.2 | Q28: =O28/(E28+P28) -> 0.24687693 | R28: 862 | S28: =R28/E28 -> 0.7078338 | T28: 137.2 | U28: =T28/R28 -> 0.15916473 | V28: 12.2 | W28: 0 | X28: =V28/(E28+W28) -> 0.010018065 | Y28: 91.2 | Z28: 2 | AA28: =Y28/(E28+Z28) -> 0.074766355 | AB28: 67.2 | AC28: 0 | AD28: =AB28/(E28+AC28) -> 0.055181475 | AE28: 42.8 | AF28: =AE28/R28 -> 0.049651972
A29: 2025-8/25~8/29 | B29: 印尼 | D29: 225.9 | E29: 753.6 | F29: 657.4 | G29: =F29/E29 -> 0.87234607 | H29: =(I29+L29+O29+R29+T29+V29+Y29+AB29+AE29)/F29 -> 1.7547916 | I29: 48.4 | J29: 0.6 | K29: =I29/(E29+J29) -> 0.064173959 | L29: 17.2 | M29: 0 | N29: =L29/(E29+M29) -> 0.022823779 | O29: 223.2 | P29: 223.2 | Q29: =O29/(E29+P29) -> 0.22850123 | R29: 483.6 | S29: =R29/E29 -> 0.64171975 | T29: 149.8 | U29: =T29/R29 -> 0.30976013 | V29: 20.4 | W29: 0 | X29: =V29/(E29+W29) -> 0.027070064 | Y29: 102.2 | Z29: 1.6 | AA29: =Y29/(E29+Z29) -> 0.13532839 | AB29: 74.6 | AC29: 0 | AD29: =AB29/(E29+AC29) -> 0.098991507 | AE29: 34.2 | AF29: =AE29/R29 -> 0.070719603
A30: 2025-8/25~8/29 | B30: 总计 | D30: =D28+D29 -> 542.6 | E30: =E28+E29 -> 1971.4 | F30: =F28+F29 -> 1680 | G30: =F30/E30 -> 0.85218626 | H30: =(I30+L30+O30+R30+T30+V30+Y30+AB30+AE30)/F30 -> 1.6765476 | I30: =I28+I29 -> 92.2 | J30: =J28+J29 -> 1 | K30: =I30/(E30+J30) -> 0.046745082 | L30: =L28+L29 -> 24.6 | N30: =L30/(E30+M30) -> 0.012478442 | O30: =O28+O29 -> 622.4 | P30: =P28+P29 -> 622.4 | Q30: =O30/(E30+P30) -> 0.23995682 | R30: =R28+R29 -> 1345.6 | S30: =R30/E30 -> 0.68256062 | T30: =T28+T29 -> 287 | U30: =T30/R30 -> 0.21328775 | V30: =V28+V29 -> 32.6 | X30: =V30/(E30+W30) -> 0.016536472 | Y30: =Y28+Y29 -> 193.4 | Z30: =Z28+Z29 -> 3.6 | AA30: =Y30/(E30+Z30) -> 0.097924051 | AB30: =AB28+AB29 -> 141.8 | AD30: =AB30/(E30+AC30) -> 0.071928579 | AE30: =AE28+AE29 -> 77 | AF30: =AE30/R30 -> 0.057223543
A31: 2025-9/1~9/5 | B31: 印度/巴基斯坦 | D31: 274 | E31: 1140.4 | F31: 897.8 | G31: =F31/E31 -> 0.78726763 | H31: =(I31+L31+O31+R31+T31+V31+Y31+AB31+AE31)/F31 -> 1.6003564 | I31: 36.8 | J31: 0.2 | K31: =I31/(E31+J31) -> 0.032263721 | L31: 5.6 | M31: 0 | N31: =L31/(E31+M31) -> 0.0049105577 | O31: 343.2 | P31: 343.2 | Q31: =O31/(E31+P31) -> 0.2313292 | R31: 765.6 | S31: =R31/E31 -> 0.67134339 | T31: 110.4 | U31: =T31/R31 -> 0.14420063 | V31: 8.2 | W31: 0 | X31: =V31/(E31+W31) -> 0.0071904595 | Y31: 68.8 | Z31: 0.6 | AA31: =Y31/(E31+Z31) -> 0.060297984 | AB31: 59.8 | AC31: 0 | AD31: =AB31/(E31+AC31) -> 0.052437741 | AE31: 38.4 | AF31: =AE31/R31 -> 0.05015674
A32: 2025-9/1~9/5 | B32: 印尼 | D32: 209.7 | E32: 726.2 | F32: 618 | G32: =F32/E32 -> 0.85100523 | H32: =(I32+L32+O32+R32+T32+V32+Y32+AB32+AE32)/F32 -> 1.7647249 | I32: 47.8 | J32: 0.2 | K32: =I32/(E32+J32) -> 0.065803965 | L32: 17.2 | M32: 0 | N32: =L32/(E32+M32) -> 0.023684935 | O32: 212.2 | P32: 212.2 | Q32: =O32/(E32+P32) -> 0.22612958 | R32: 460.8 | S32: =R32/E32 -> 0.63453594 | T32: 145.8 | U32: =T32/R32 -> 0.31640625 | V32: 14 | W32: 0 | X32: =V32/(E32+W32) -> 0.019278436 | Y32: 92.2 | Z32: 1.4 | AA32: =Y32/(E32+Z32) -> 0.12671798 | AB32: 68.6 | AC32: 0 | AD32: =AB32/(E32+AC32) -> 0.094464335 | AE32: 32 | AF32: =AE32/R32 -> 0.069444444
A33: 2025-9/1~9/5 | B33: 总计 | D33: =D31+D32 -> 483.7 | E33: =E31+E32 -> 1866.6 | F33: =F31+F32 -> 1515.8 | G33: =F33/E33 -> 0.81206472 | H33: =(I33+L33+O33+R33+T33+V33+Y33+AB33+AE33)/F33 -> 1.6673704 | I33: =I31+I32 -> 84.6 | J33: =J31+J32 -> 0.4 | K33: =I33/(E33+J33) -> 0.045313337 | L33: =L31+L32 -> 22.8 | N33: =L33/(E33+M33) -> 0.012214722 | O33: =O31+O32 -> 555.4 | P33: =P31+P32 -> 555.4 | Q33: =O33/(E33+P33) -> 0.22931462 | R33: =R31+R32 -> 1226.4 | S33: =R33/E33 -> 0.65702347 | T33: =T31+T32 -> 256.2 | U33: =T33/R33 -> 0.20890411 | V33: =V31+V32 -> 22.2 | X33: =V33/(E33+W33) -> 0.011893282 | Y33: =Y31+Y32 -> 161 | Z33: =Z31+Z32 -> 2 | AA33: =Y33/(E33+Z33) -> 0.086160762 | AB33: =AB31+AB32 -> 128.4 | AD33: =AB33/(E33+AC33) -> 0.068788171 | AE33: =AE31+AE32 -> 70.4 | AF33: =AE33/R33 -> 0.057403783
A34: 2025-9/8~9/12 | B34: 印度/巴基斯坦 | D34: 310.1 | E34: 1204.8 | F34: 999 | G34: =F34/E34 -> 0.82918327 | H34: =(I34+L34+O34+R34+T34+V34+Y34+AB34+AE34)/F34 -> 1.6208208 | I34: 35.8 | J34: 0.2 | K34: =I34/(E34+J34) -> 0.029709544 | L34: 7.8 | M34: 0 | N34: =L34/(E34+M34) -> 0.0064741036 | O34: 402.8 | P34: 402.8 | Q34: =O34/(E34+P34) -> 0.25055984 | R34: 858.6 | S34: =R34/E34 -> 0.7126494 | T34: 121.8 | U34: =T34/R34 -> 0.14185884 | V34: 10.4 | W34: 0 | X34: =V34/(E34+W34) -> 0.0086321381 | Y34: 60.8 | Z34: 1.2 | AA34: =Y34/(E34+Z34) -> 0.050414594 | AB34: 73.2 | AC34: 0 | AD34: =AB34/(E34+AC34) -> 0.060756972 | AE34: 48 | AF34: =AE34/R34 -> 0.055904962
A35: 2025-9/8~9/12 | B35: 印尼 | D35: 216.3 | E35: 754.8 | F35: 647.8 | G35: =F35/E35 -> 0.85824059 | H35: =(I35+L35+O35+R35+T35+V35+Y35+AB35+AE35)/F35 -> 1.7474529 | I35: 45.4 | J35: 0.4 | K35: =I35/(E35+J35) -> 0.060116525 | L35: 21.4 | M35: 0 | N35: =L35/(E35+M35) -> 0.028351881 | O35: 213.6 | P35: 213.6 | Q35: =O35/(E35+P35) -> 0.22057001 | R35: 479.6 | S35: =R35/E35 -> 0.63540011 | T35: 143.2 | U35: =T35/R35 -> 0.29858215 | V35: 14.8 | W35: 0 | X35: =V35/(E35+W35) -> 0.019607843 | Y35: 102.6 | Z35: 1.2 | AA35: =Y35/(E35+Z35) -> 0.13571429 | AB35: 82 | AC35: 0 | AD35: =AB35/(E35+AC35) -> 0.10863805 | AE35: 29.4 | AF35: =AE35/R35 -> 0.061301084
A36: 2025-9/8~9/12 | B36: 总计 | D36: =D34+D35 -> 526.4 | E36: =E34+E35 -> 1959.6 | F36: =F34+F35 -> 1646.8 | G36: =F36/E36 -> 0.84037559 | H36: =(I36+L36+O36+R36+T36+V36+Y36+AB36+AE36)/F36 -> 1.670634 | I36: =I34+I35 -> 81.2 | J36: =J34+J35 -> 0.6 | K36: =I36/(E36+J36) -> 0.041424344 | L36: =L34+L35 -> 29.2 | N36: =L36/(E36+M36) -> 0.014901 | O36: =O34+O35 -> 616.4 | P36: =P34+P35 -> 616.4 | Q36: =O36/(E36+P36) -> 0.23928571 | R36: =R34+R35 -> 1338.2 | S36: =R36/E36 -> 0.68289447 | T36: =T34+T35 -> 265 | U36: =T36/R36 -> 0.1980272 | V36: =V34+V35 -> 25.2 | X36: =V36/(E36+W36) -> 0.012859767 | Y36: =Y34+Y35 -> 163.4 | Z36: =Z34+Z35 -> 2.4 | AA36: =Y36/(E36+Z36) -> 0.083282365 | AB36: =AB34+AB35 -> 155.2 | AD36: =AB36/(E36+AC36) -> 0.079199837 | AE36: =AE34+AE35 -> 77.4 | AF36: =AE36/R36 -> 0.057838888
A37: 2025-9/15~9/19 | B37: 印度/巴基斯坦 | D37: 324.8 | E37: 1155.2 | F37: 965.2 | G37: =F37/E37 -> 0.83552632 | H37: =(I37+L37+O37+R37+T37+V37+Y37+AB37+AE37)/F37 -> 1.6479486 | I37: 35 | J37: 1 | K37: =I37/(E37+J37) -> 0.030271579 | L37: 6.2 | M37: 0 | N37: =L37/(E37+M37) -> 0.005367036 | O37: 398.6 | P37: 398.6 | Q37: =O37/(E37+P37) -> 0.25653237 | R37: 823.6 | S37: =R37/E37 -> 0.71295014 | T37: 125.2 | U37: =T37/R37 -> 0.15201554 | V37: 9.6 | W37: 0 | X37: =V37/(E37+W37) -> 0.0083102493 | Y37: 75.6 | Z37: 1.4 | AA37: =Y37/(E37+Z37) -> 0.065363998 | AB37: 72.6 | AC37: 0 | AD37: =AB37/(E37+AC37) -> 0.06284626 | AE37: 44.2 | AF37: =AE37/R37 -> 0.053666829
A38: 2025-9/15~9/19 | B38: 印尼 | D38: 241.3 | E38: 816 | F38: 700.2 | G38: =F38/E38 -> 0.85808824 | H38: =(I38+L38+O38+R38+T38+V38+Y38+AB38+AE38)/F38 -> 1.7337903 | I38: 43.6 | J38: 0.2 | K38: =I38/(E38+J38) -> 0.05341828 | L38: 22.6 | M38: 0 | N38: =L38/(E38+M38) -> 0.027696078 | O38: 242.6 | P38: 242.6 | Q38: =O38/(E38+P38) -> 0.2291706 | R38: 528.6 | S38: =R38/E38 -> 0.64779412 | T38: 151.6 | U38: =T38/R38 -> 0.28679531 | V38: 16 | W38: 0 | X38: =V38/(E38+W38) -> 0.019607843 | Y38: 96.6 | Z38: 1 | AA38: =Y38/(E38+Z38) -> 0.11823745 | AB38: 82.2 | AC38: 0 | AD38: =AB38/(E38+AC38) -> 0.10073529 | AE38: 30.2 | AF38: =AE38/R38 -> 0.057132047
A39: 2025-9/15~9/19 | B39: 总计 | D39: =D37+D38 -> 566.1 | E39: =E37+E38 -> 1971.2 | F39: =F37+F38 -> 1665.4 | G39: =F39/E39 -> 0.84486607 | H39: =(I39+L39+O39+R39+T39+V39+Y39+AB39+AE39)/F39 -> 1.6840399 | I39: =I37+I38 -> 78.6 | J39: =J37+J38 -> 1.2 | K39: =I39/(E39+J39) -> 0.039849929 | L39: =L37+L38 -> 28.8 | N39: =L39/(E39+M39) -> 0.01461039 | O39: =O37+O38 -> 641.2 | P39: =P37+P38 -> 641.2 | Q39: =O39/(E39+P39) -> 0.2454448 | R39: =R37+R38 -> 1352.2 | S39: =R39/E39 -> 0.68597808 | T39: =T37+T38 -> 276.8 | U39: =T39/R39 -> 0.20470345 | V39: =V37+V38 -> 25.6 | X39: =V39/(E39+W39) -> 0.012987013 | Y39: =Y37+Y38 -> 172.2 | Z39: =Z37+Z38 -> 2.4 | AA39: =Y39/(E39+Z39) -> 0.087251723 | AB39: =AB37+AB38 -> 154.8 | AD39: =AB39/(E39+AC39) -> 0.078530844 | AE39: =AE37+AE38 -> 74.4 | AF39: =AE39/R39 -> 0.055021447
A40: 2025-9/22~9/26 | B40: 印度/巴基斯坦 | D40: 266.3 | E40: 1100.2 | F40: 922.2 | G40: =F40/E40 -> 0.83821123 | H40: =(I40+L40+O40+R40+T40+V40+Y40+AB40+AE40)/F40 -> 1.611581 | I40: 23.8 | J40: 0.2 | K40: =I40/(E40+J40) -> 0.021628499 | L40: 5.8 | M40: 0 | N40: =L40/(E40+M40) -> 0.0052717688 | O40: 365.4 | P40: 365.4 | Q40: =O40/(E40+P40) -> 0.24931769 | R40: 775 | S40: =R40/E40 -> 0.70441738 | T40: 112.8 | U40: =T40/R40 -> 0.14554839 | V40: 13 | W40: 0 | X40: =V40/(E40+W40) -> 0.011816033 | Y40: 87.2 | Z40: 0.8 | AA40: =Y40/(E40+Z40) -> 0.079200727 | AB40: 63.2 | AC40: 0 | AD40: =AB40/(E40+AC40) -> 0.057444101 | AE40: 40 | AF40: =AE40/R40 -> 0.051612903
A41: 2025-9/22~9/26 | B41: 印尼 | D41: 228.9 | E41: 838.6 | F41: 718 | G41: =F41/E41 -> 0.85618889 | H41: =(I41+L41+O41+R41+T41+V41+Y41+AB41+AE41)/F41 -> 1.7389972 | I41: 47 | J41: 0 | K41: =I41/(E41+J41) -> 0.056045791 | L41: 21.4 | M41: 0 | N41: =L41/(E41+M41) -> 0.025518722 | O41: 241 | P41: 241 | Q41: =O41/(E41+P41) -> 0.22323083 | R41: 540.6 | S41: =R41/E41 -> 0.64464584 | T41: 151.2 | U41: =T41/R41 -> 0.27968923 | V41: 19 | W41: 0 | X41: =V41/(E41+W41) -> 0.022656809 | Y41: 101.8 | Z41: 1.8 | AA41: =Y41/(E41+Z41) -> 0.12113279 | AB41: 92.2 | AC41: 0 | AD41: =AB41/(E41+AC41) -> 0.10994515 | AE41: 34.4 | AF41: =AE41/R41 -> 0.063633
A42: 2025-9/22~9/26 | B42: 总计 | D42: =D40+D41 -> 495.2 | E42: =E40+E41 -> 1938.8 | F42: =F40+F41 -> 1640.2 | G42: =F42/E42 -> 0.84598721 | H42: =(I42+L42+O42+R42+T42+V42+Y42+AB42+AE42)/F42 -> 1.6673576 | I42: =I40+I41 -> 70.8 | J42: =J40+J41 -> 0.2 | K42: =I42/(E42+J42) -> 0.036513667 | L42: =L40+L41 -> 27.2 | N42: =L42/(E42+M42) -> 0.014029296 | O42: =O40+O41 -> 606.4 | P42: =P40+P41 -> 606.4 | Q42: =O42/(E42+P42) -> 0.2382524 | R42: =R40+R41 -> 1315.6 | S42: =R42/E42 -> 0.67856406 | T42: =T40+T41 -> 264 | U42: =T42/R42 -> 0.2006689 | V42: =V40+V41 -> 32 | X42: =V42/(E42+W42) -> 0.016505055 | Y42: =Y40+Y41 -> 189 | Z42: =Z40+Z41 -> 2.6 | AA42: =Y42/(E42+Z42) -> 0.097352426 | AB42: =AB40+AB41 -> 155.4 | AD42: =AB42/(E42+AC42) -> 0.080152672 | AE42: =AE40+AE41 -> 74.4 | AF42: =AE42/R42 -> 0.056552144
A43: 2025-9/29~10/3 | B43: 印度/巴基斯坦 | D43: 246.7 | E43: 926.6 | F43: 774 | G43: =F43/E43 -> 0.83531189 | H43: =(I43+L43+O43+R43+T43+V43+Y43+AB43+AE43)/F43 -> 1.6149871 | I43: 22.8 | J43: 0.2 | K43: =I43/(E43+J43) -> 0.024600777 | L43: 5 | M43: 0 | N43: =L43/(E43+M43) -> 0.0053960717 | O43: 308.4 | P43: 308.4 | Q43: =O43/(E43+P43) -> 0.2497166 | R43: 649.2 | S43: =R43/E43 -> 0.70062594 | T43: 97.4 | U43: =T43/R43 -> 0.15003081 | V43: 9.8 | W43: 0 | X43: =V43/(E43+W43) -> 0.0105763 | Y43: 69.6 | Z43: 1 | AA43: =Y43/(E43+Z43) -> 0.075032342 | AB43: 56.6 | AC43: 0 | AD43: =AB43/(E43+AC43) -> 0.061083531 | AE43: 31.2 | AF43: =AE43/R43 -> 0.04805915
A44: 2025-9/29~10/3 | B44: 印尼 | D44: 261.8 | E44: 849 | F44: 738.4 | G44: =F44/E44 -> 0.86972909 | H44: =(I44+L44+O44+R44+T44+V44+Y44+AB44+AE44)/F44 -> 1.7491874 | I44: 46.2 | J44: 0.4 | K44: =I44/(E44+J44) -> 0.054391335 | L44: 26.8 | M44: 0 | N44: =L44/(E44+M44) -> 0.031566549 | O44: 255.2 | P44: 255.2 | Q44: =O44/(E44+P44) -> 0.23111755 | R44: 557.4 | S44: =R44/E44 -> 0.6565371 | T44: 164.4 | U44: =T44/R44 -> 0.2949408 | V44: 16.2 | W44: 0 | X44: =V44/(E44+W44) -> 0.019081272 | Y44: 101.2 | Z44: 1.2 | AA44: =Y44/(E44+Z44) -> 0.11903082 | AB44: 90 | AC44: 0 | AD44: =AB44/(E44+AC44) -> 0.10600707 | AE44: 34.2 | AF44: =AE44/R44 -> 0.061356297
A45: 2025-9/29~10/3 | B45: 总计 | D45: =D43+D44 -> 508.5 | E45: =E43+E44 -> 1775.6 | F45: =F43+F44 -> 1512.4 | G45: =F45/E45 -> 0.85176842 | H45: =(I45+L45+O45+R45+T45+V45+Y45+AB45+AE45)/F45 -> 1.6805078 | I45: =I43+I44 -> 69 | J45: =J43+J44 -> 0.6 | K45: =I45/(E45+J45) -> 0.038846977 | L45: =L43+L44 -> 31.8 | N45: =L45/(E45+M45) -> 0.017909439 | O45: =O43+O44 -> 563.6 | P45: =P43+P44 -> 563.6 | Q45: =O45/(E45+P45) -> 0.24093707 | R45: =R43+R44 -> 1206.6 | S45: =R45/E45 -> 0.67954494 | T45: =T43+T44 -> 261.8 | U45: =T45/R45 -> 0.21697331 | V45: =V43+V44 -> 26 | X45: =V45/(E45+W45) -> 0.014642938 | Y45: =Y43+Y44 -> 170.8 | Z45: =Z43+Z44 -> 2.2 | AA45: =Y45/(E45+Z45) -> 0.096073799 | AB45: =AB43+AB44 -> 146.6 | AD45: =AB45/(E45+AC45) -> 0.08256364 | AE45: =AE43+AE44 -> 65.4 | AF45: =AE45/R45 -> 0.05420189
A46: 2025-10/6~10/10 | B46: 印度/巴基斯坦 | D46: 282.1 | E46: 1031.6 | F46: 863.8 | G46: =F46/E46 -> 0.83734005 | H46: =(I46+L46+O46+R46+T46+V46+Y46+AB46+AE46)/F46 -> 1.6175041 | I46: 21.4 | J46: 0.6 | K46: =I46/(E46+J46) -> 0.020732416 | L46: 6.2 | M46: 0 | N46: =L46/(E46+M46) -> 0.0060100814 | O46: 348.8 | P46: 348.8 | Q46: =O46/(E46+P46) -> 0.25268038 | R46: 735.8 | S46: =R46/E46 -> 0.71326095 | T46: 106.2 | U46: =T46/R46 -> 0.1443327 | V46: 14.4 | W46: 0 | X46: =V46/(E46+W46) -> 0.013958899 | Y46: 67.4 | Z46: 1 | AA46: =Y46/(E46+Z46) -> 0.065272129 | AB46: 65.6 | AC46: 0 | AD46: =AB46/(E46+AC46) -> 0.063590539 | AE46: 31.4 | AF46: =AE46/R46 -> 0.04267464
A47: 2025-10/6~10/10 | B47: 印尼 | D47: 266.3 | E47: 873 | F47: 766 | G47: =F47/E47 -> 0.87743414 | H47: =(I47+L47+O47+R47+T47+V47+Y47+AB47+AE47)/F47 -> 1.7365535 | I47: 45 | J47: 0.2 | K47: =I47/(E47+J47) -> 0.051534585 | L47: 26.2 | M47: 0 | N47: =L47/(E47+M47) -> 0.030011455 | O47: 259.8 | P47: 259.8 | Q47: =O47/(E47+P47) -> 0.22934322 | R47: 567.8 | S47: =R47/E47 -> 0.65040092 | T47: 169 | U47: =T47/R47 -> 0.29764001 | V47: 20.4 | W47: 0 | X47: =V47/(E47+W47) -> 0.023367698 | Y47: 118 | Z47: 2.4 | AA47: =Y47/(E47+Z47) -> 0.13479552 | AB47: 98.6 | AC47: 0 | AD47: =AB47/(E47+AC47) -> 0.11294387 | AE47: 25.4 | AF47: =AE47/R47 -> 0.044734061
A48: 2025-10/6~10/10 | B48: 总计 | D48: =D46+D47 -> 548.4 | E48: =E46+E47 -> 1904.6 | F48: =F46+F47 -> 1629.8 | G48: =F48/E48 -> 0.85571774 | H48: =(I48+L48+O48+R48+T48+V48+Y48+AB48+AE48)/F48 -> 1.6734569 | I48: =I46+I47 -> 66.4 | J48: =J46+J47 -> 0.8 | K48: =I48/(E48+J48) -> 0.034848326 | L48: =L46+L47 -> 32.4 | N48: =L48/(E48+M48) -> 0.017011446 | O48: =O46+O47 -> 608.6 | P48: =P46+P47 -> 608.6 | Q48: =O48/(E48+P48) -> 0.24216139 | R48: =R46+R47 -> 1303.6 | S48: =R48/E48 -> 0.68444818 | T48: =T46+T47 -> 275.2 | U48: =T48/R48 -> 0.2111077 | V48: =V46+V47 -> 34.8 | X48: =V48/(E48+W48) -> 0.018271553 | Y48: =Y46+Y47 -> 185.4 | Z48: =Z46+Z47 -> 3.4 | AA48: =Y48/(E48+Z48) -> 0.097169811 | AB48: =AB46+AB47 -> 164.2 | AD48: =AB48/(E48+AC48) -> 0.086212328 | AE48: =AE46+AE47 -> 56.8 | AF48: =AE48/R48 -> 0.043571648
A49: 2025-10/13~10/17 | B49: 印度/巴基斯坦 | D49: 272.3 | E49: 1019.8 | F49: 839.6 | G49: =F49/E49 -> 0.82329869 | H49: =(I49+L49+O49+R49+T49+V49+Y49+AB49+AE49)/F49 -> 1.6071939 | I49: 34 | J49: 0.2 | K49: =I49/(E49+J49) -> 0.033333333 | L49: 7.2 | M49: 0 | N49: =L49/(E49+M49) -> 0.0070602079 | O49: 317.8 | P49: 317.8 | Q49: =O49/(E49+P49) -> 0.23758971 | R49: 707.8 | S49: =R49/E49 -> 0.69405766 | T49: 107.8 | U49: =T49/R49 -> 0.15230291 | V49: 11.2 | W49: 0 | X49: =V49/(E49+W49) -> 0.010982546 | Y49: 64 | Z49: 3.4 | AA49: =Y49/(E49+Z49) -> 0.062548866 | AB49: 64.4 | AC49: 0 | AD49: =AB49/(E49+AC49) -> 0.063149637 | AE49: 35.2 | AF49: =AE49/R49 -> 0.049731563
A50: 2025-10/13~10/17 | B50: 印尼 | D50: 983.2 | E50: 2726.2 | F50: 2279 | G50: =F50/E50 -> 0.83596215 | H50: =(I50+L50+O50+R50+T50+V50+Y50+AB50+AE50)/F50 -> 1.9225099 | I50: 65.4 | J50: 0.2 | K50: =I50/(E50+J50) -> 0.023987676 | L50: 44 | M50: 0 | N50: =L50/(E50+M50) -> 0.016139682 | O50: 1155 | P50: 1155 | Q50: =O50/(E50+P50) -> 0.29758837 | R50: 1989 | S50: =R50/E50 -> 0.72958697 | T50: 541.8 | U50: =T50/R50 -> 0.27239819 | V50: 44.4 | W50: 0 | X50: =V50/(E50+W50) -> 0.016286406 | Y50: 176.4 | Z50: 4.8 | AA50: =Y50/(E50+Z50) -> 0.064591725 | AB50: 284.6 | AC50: 0 | AD50: =AB50/(E50+AC50) -> 0.1043944 | AE50: 80.8 | AF50: =AE50/R50 -> 0.040623429
A51: 2025-10/13~10/17 | B51: 总计 | D51: =D49+D50 -> 1255.5 | E51: =E49+E50 -> 3746 | F51: =F49+F50 -> 3118.6 | G51: =F51/E51 -> 0.83251468 | H51: =(I51+L51+O51+R51+T51+V51+Y51+AB51+AE51)/F51 -> 1.8376194 | I51: =I49+I50 -> 99.4 | J51: =J49+J50 -> 0.4 | K51: =I51/(E51+J51) -> 0.026532138 | L51: =L49+L50 -> 51.2 | N51: =L51/(E51+M51) -> 0.013667912 | O51: =O49+O50 -> 1472.8 | P51: =P49+P50 -> 1472.8 | Q51: =O51/(E51+P51) -> 0.28221047 | R51: =R49+R50 -> 2696.8 | S51: =R51/E51 -> 0.71991458 | T51: =T49+T50 -> 649.6 | U51: =T51/R51 -> 0.24087808 | V51: =V49+V50 -> 55.6 | X51: =V51/(E51+W51) -> 0.014842499 | Y51: =Y49+Y50 -> 240.4 | Z51: =Z49+Z50 -> 8.2 | AA51: =Y51/(E51+Z51) -> 0.064034948 | AB51: =AB49+AB50 -> 349 | AD51: =AB51/(E51+AC51) -> 0.093166044 | AE51: =AE49+AE50 -> 116 | AF51: =AE51/R51 -> 0.043013942 | AL51: 第一个拐点自然UV2025.10.6~10.10开始上升，第二个拐点新闻页面开始下降；2026.1.12~1.16
A52: 2025-10/20~10/24 | B52: 印度/巴基斯坦 | D52: 231.5 | E52: 885.4 | F52: 730.8 | G52: =F52/E52 -> 0.82538965 | H52: =(I52+L52+O52+R52+T52+V52+Y52+AB52+AE52)/F52 -> 1.682266 | I52: 36 | J52: 0 | K52: =I52/(E52+J52) -> 0.040659589 | L52: 5 | M52: 0 | N52: =L52/(E52+M52) -> 0.0056471651 | O52: 315.8 | P52: 315.8 | Q52: =O52/(E52+P52) -> 0.26290376 | R52: 625.2 | S52: =R52/E52 -> 0.70612153 | T52: 103.4 | U52: =T52/R52 -> 0.16538708 | V52: 8 | W52: 0 | X52: =V52/(E52+W52) -> 0.0090354642 | Y52: 46.8 | Z52: 1 | AA52: =Y52/(E52+Z52) -> 0.052797834 | AB52: 59.2 | AC52: 0 | AD52: =AB52/(E52+AC52) -> 0.066862435 | AE52: 30 | AF52: =AE52/R52 -> 0.047984645
A53: 2025-10/20~10/24 | B53: 印尼 | D53: 455 | E53: 1613.4 | F53: 1200.2 | G53: =F53/E53 -> 0.74389488 | H53: =(I53+L53+O53+R53+T53+V53+Y53+AB53+AE53)/F53 -> 1.848192 | I53: 57 | J53: 0 | K53: =I53/(E53+J53) -> 0.035329119 | L53: 37.8 | M53: 0 | N53: =L53/(E53+M53) -> 0.023428784 | O53: 516.6 | P53: 516.6 | Q53: =O53/(E53+P53) -> 0.24253521 | R53: 980.6 | S53: =R53/E53 -> 0.6077848 | T53: 305 | U53: =T53/R53 -> 0.31103406 | V53: 26.4 | W53: 0 | X53: =V53/(E53+W53) -> 0.01636296 | Y53: 110 | Z53: 2.2 | AA53: =Y53/(E53+Z53) -> 0.06808616 | AB53: 146.4 | AC53: 0 | AD53: =AB53/(E53+AC53) -> 0.090740052 | AE53: 38.4 | AF53: =AE53/R53 -> 0.039159698
A54: 2025-10/20~10/24 | B54: 总计 | D54: =D52+D53 -> 686.5 | E54: =E52+E53 -> 2498.8 | F54: =F52+F53 -> 1931 | G54: =F54/E54 -> 0.77277093 | H54: =(I54+L54+O54+R54+T54+V54+Y54+AB54+AE54)/F54 -> 1.7853962 | I54: =I52+I53 -> 93 | J54: =J52+J53 -> 0 | K54: =I54/(E54+J54) -> 0.037217865 | L54: =L52+L53 -> 42.8 | N54: =L54/(E54+M54) -> 0.017128222 | O54: =O52+O53 -> 832.4 | P54: =P52+P53 -> 832.4 | Q54: =O54/(E54+P54) -> 0.24987992 | R54: =R52+R53 -> 1605.8 | S54: =R54/E54 -> 0.64262846 | T54: =T52+T53 -> 408.4 | U54: =T54/R54 -> 0.25432806 | V54: =V52+V53 -> 34.4 | X54: =V54/(E54+W54) -> 0.013766608 | Y54: =Y52+Y53 -> 156.8 | Z54: =Z52+Z53 -> 3.2 | AA54: =Y54/(E54+Z54) -> 0.062669864 | AB54: =AB52+AB53 -> 205.6 | AD54: =AB54/(E54+AC54) -> 0.082279494 | AE54: =AE52+AE53 -> 68.4 | AF54: =AE54/R54 -> 0.042595591
A55: 2025-10/27~10/31 | B55: 印度/巴基斯坦 | D55: 292.4 | E55: 1110.2 | F55: 896.8 | G55: =F55/E55 -> 0.80778238 | H55: =(I55+L55+O55+R55+T55+V55+Y55+AB55+AE55)/F55 -> 1.6578947 | I55: 36 | J55: 0.2 | K55: =I55/(E55+J55) -> 0.032420749 | L55: 3.4 | M55: 0 | N55: =L55/(E55+M55) -> 0.0030625113 | O55: 395 | P55: 395 | Q55: =O55/(E55+P55) -> 0.2624236 | R55: 764 | S55: =R55/E55 -> 0.68816429 | T55: 117.6 | U55: =T55/R55 -> 0.1539267 | V55: 13 | W55: 0 | X55: =V55/(E55+W55) -> 0.011709602 | Y55: 54.4 | Z55: 1.6 | AA55: =Y55/(E55+Z55) -> 0.048929664 | AB55: 68 | AC55: 0 | AD55: =AB55/(E55+AC55) -> 0.061250225 | AE55: 35.4 | AF55: =AE55/R55 -> 0.046335079
A56: 2025-10/27~10/31 | B56: 印尼 | D56: 444.1 | E56: 1437.2 | F56: 1151.6 | G56: =F56/E56 -> 0.80128027 | H56: =(I56+L56+O56+R56+T56+V56+Y56+AB56+AE56)/F56 -> 1.8436957 | I56: 49.8 | J56: 0.2 | K56: =I56/(E56+J56) -> 0.034645888 | L56: 43.2 | M56: 0 | N56: =L56/(E56+M56) -> 0.030058447 | O56: 497.2 | P56: 497.2 | Q56: =O56/(E56+P56) -> 0.2570306 | R56: 924.2 | S56: =R56/E56 -> 0.64305594 | T56: 287.4 | U56: =T56/R56 -> 0.31097165 | V56: 24.2 | W56: 0 | X56: =V56/(E56+W56) -> 0.016838297 | Y56: 121.8 | Z56: 2 | AA56: =Y56/(E56+Z56) -> 0.08463035 | AB56: 136.2 | AC56: 0 | AD56: =AB56/(E56+AC56) -> 0.094767604 | AE56: 39.2 | AF56: =AE56/R56 -> 0.042415062
A57: 2025-10/27~10/31 | B57: 总计 | D57: =D55+D56 -> 736.5 | E57: =E55+E56 -> 2547.4 | F57: =F55+F56 -> 2048.4 | G57: =F57/E57 -> 0.804114 | H57: =(I57+L57+O57+R57+T57+V57+Y57+AB57+AE57)/F57 -> 1.7623511 | I57: =I55+I56 -> 85.8 | J57: =J55+J56 -> 0.4 | K57: =I57/(E57+J57) -> 0.033676113 | L57: =L55+L56 -> 46.6 | N57: =L57/(E57+M57) -> 0.018293162 | O57: =O55+O56 -> 892.2 | P57: =P55+P56 -> 892.2 | Q57: =O57/(E57+P57) -> 0.25939063 | R57: =R55+R56 -> 1688.2 | S57: =R57/E57 -> 0.66271493 | T57: =T55+T56 -> 405 | U57: =T57/R57 -> 0.23990049 | V57: =V55+V56 -> 37.2 | X57: =V57/(E57+W57) -> 0.014603125 | Y57: =Y55+Y56 -> 176.2 | Z57: =Z55+Z56 -> 3.6 | AA57: =Y57/(E57+Z57) -> 0.069070953 | AB57: =AB55+AB56 -> 204.2 | AD57: =AB57/(E57+AC57) -> 0.080160163 | AE57: =AE55+AE56 -> 74.6 | AF57: =AE57/R57 -> 0.044189077
A58: 2025-11/3~11/7 | B58: 印度/巴基斯坦 | D58: 349 | E58: 1218.6 | F58: 973.6 | G58: =F58/E58 -> 0.79894961 | H58: =(I58+L58+O58+R58+T58+V58+Y58+AB58+AE58)/F58 -> 1.6945357 | I58: 36.8 | J58: 0.4 | K58: =I58/(E58+J58) -> 0.030188679 | L58: 8.2 | M58: 0 | N58: =L58/(E58+M58) -> 0.0067290333 | O58: 433.6 | P58: 433.6 | Q58: =O58/(E58+P58) -> 0.26243796 | R58: 838.2 | S58: =R58/E58 -> 0.6878385 | T58: 141.4 | U58: =T58/R58 -> 0.16869482 | V58: 12.2 | W58: 0 | X58: =V58/(E58+W58) -> 0.010011489 | Y58: 54.6 | Z58: 2 | AA58: =Y58/(E58+Z58) -> 0.044732099 | AB58: 89.4 | AC58: 0 | AD58: =AB58/(E58+AC58) -> 0.073362875 | AE58: 35.4 | AF58: =AE58/R58 -> 0.042233357
A59: 2025-11/3~11/7 | B59: 印尼 | D59: 379.9 | E59: 1187.6 | F59: 1025 | G59: =F59/E59 -> 0.86308521 | H59: =(I59+L59+O59+R59+T59+V59+Y59+AB59+AE59)/F59 -> 1.8286829 | I59: 51.2 | J59: 0.2 | K59: =I59/(E59+J59) -> 0.0431049 | L59: 32.2 | M59: 0 | N59: =L59/(E59+M59) -> 0.027113506 | O59: 412 | P59: 412 | Q59: =O59/(E59+P59) -> 0.25756439 | R59: 820.6 | S59: =R59/E59 -> 0.69097339 | T59: 271 | U59: =T59/R59 -> 0.33024616 | V59: 12 | W59: 0 | X59: =V59/(E59+W59) -> 0.010104412 | Y59: 112.6 | Z59: 1.8 | AA59: =Y59/(E59+Z59) -> 0.094669581 | AB59: 124.2 | AC59: 0 | AD59: =AB59/(E59+AC59) -> 0.10458067 | AE59: 38.6 | AF59: =AE59/R59 -> 0.047038752
A60: 2025-11/3~11/7 | B60: 总计 | D60: =D58+D59 -> 728.9 | E60: =E58+E59 -> 2406.2 | F60: =F58+F59 -> 1998.6 | G60: =F60/E60 -> 0.83060427 | H60: =(I60+L60+O60+R60+T60+V60+Y60+AB60+AE60)/F60 -> 1.7633343 | I60: =I58+I59 -> 88 | J60: =J58+J59 -> 0.6 | K60: =I60/(E60+J60) -> 0.036563071 | L60: =L58+L59 -> 40.4 | N60: =L60/(E60+M60) -> 0.016789959 | O60: =O58+O59 -> 845.6 | P60: =P58+P59 -> 845.6 | Q60: =O60/(E60+P60) -> 0.26004059 | R60: =R58+R59 -> 1658.8 | S60: =R60/E60 -> 0.68938575 | T60: =T58+T59 -> 412.4 | U60: =T60/R60 -> 0.24861346 | V60: =V58+V59 -> 24.2 | X60: =V60/(E60+W60) -> 0.010057352 | Y60: =Y58+Y59 -> 167.2 | Z60: =Z58+Z59 -> 3.8 | AA60: =Y60/(E60+Z60) -> 0.069377593 | AB60: =AB58+AB59 -> 213.6 | AD60: =AB60/(E60+AC60) -> 0.088770676 | AE60: =AE58+AE59 -> 74 | AF60: =AE60/R60 -> 0.044610562
A61: 2025-11/10~11/14 | B61: 印度/巴基斯坦 | D61: 325.9 | E61: 1150.4 | F61: 930.4 | G61: =F61/E61 -> 0.80876217 | H61: =(I61+L61+O61+R61+T61+V61+Y61+AB61+AE61)/F61 -> 1.7190456 | I61: 35.6 | J61: 0.4 | K61: =I61/(E61+J61) -> 0.030935002 | L61: 6 | M61: 0 | N61: =L61/(E61+M61) -> 0.0052155772 | O61: 424.6 | P61: 424.6 | Q61: =O61/(E61+P61) -> 0.2695873 | R61: 798 | S61: =R61/E61 -> 0.69367177 | T61: 123.6 | U61: =T61/R61 -> 0.15488722 | V61: 17.4 | W61: 0 | X61: =V61/(E61+W61) -> 0.015125174 | Y61: 57.2 | Z61: 2.8 | AA61: =Y61/(E61+Z61) -> 0.04960111 | AB61: 95.4 | AC61: 0 | AD61: =AB61/(E61+AC61) -> 0.082927677 | AE61: 41.6 | AF61: =AE61/R61 -> 0.052130326
A62: 2025-11/10~11/14 | B62: 印尼 | D62: 375.6 | E62: 1177 | F62: 1018 | G62: =F62/E62 -> 0.86491079 | H62: =(I62+L62+O62+R62+T62+V62+Y62+AB62+AE62)/F62 -> 1.8047151 | I62: 49.6 | J62: 0.4 | K62: =I62/(E62+J62) -> 0.04212672 | L62: 45.2 | M62: 0 | N62: =L62/(E62+M62) -> 0.038402719 | O62: 400.4 | P62: 400.4 | Q62: =O62/(E62+P62) -> 0.25383543 | R62: 801 | S62: =R62/E62 -> 0.68054376 | T62: 248.8 | U62: =T62/R62 -> 0.31061174 | V62: 23.2 | W62: 0 | X62: =V62/(E62+W62) -> 0.01971113 | Y62: 116 | Z62: 4.6 | AA62: =Y62/(E62+Z62) -> 0.09817197 | AB62: 122.8 | AC62: 0 | AD62: =AB62/(E62+AC62) -> 0.10433305 | AE62: 30.2 | AF62: =AE62/R62 -> 0.037702871
A63: 2025-11/10~11/14 | B63: 总计 | D63: =D61+D62 -> 701.5 | E63: =E61+E62 -> 2327.4 | F63: =F61+F62 -> 1948.4 | G63: =F63/E63 -> 0.83715734 | H63: =(I63+L63+O63+R63+T63+V63+Y63+AB63+AE63)/F63 -> 1.7638062 | I63: =I61+I62 -> 85.2 | J63: =J61+J62 -> 0.8 | K63: =I63/(E63+J63) -> 0.036594794 | L63: =L61+L62 -> 51.2 | N63: =L63/(E63+M63) -> 0.021998797 | O63: =O61+O62 -> 825 | P63: =P61+P62 -> 825 | Q63: =O63/(E63+P63) -> 0.26170537 | R63: =R61+R62 -> 1599 | S63: =R63/E63 -> 0.68703274 | T63: =T61+T62 -> 372.4 | U63: =T63/R63 -> 0.23289556 | V63: =V61+V62 -> 40.6 | X63: =V63/(E63+W63) -> 0.017444359 | Y63: =Y61+Y62 -> 173.2 | Z63: =Z61+Z62 -> 7.4 | AA63: =Y63/(E63+Z63) -> 0.074181943 | AB63: =AB61+AB62 -> 218.2 | AD63: =AB63/(E63+AC63) -> 0.093752685 | AE63: =AE61+AE62 -> 71.8 | AF63: =AE63/R63 -> 0.044903064
A64: 2025-11/17~11/21 | B64: 印度/巴基斯坦 | D64: 350.5 | E64: 1324.6 | F64: 1097.4 | G64: =F64/E64 -> 0.82847652 | H64: =(I64+L64+O64+R64+T64+V64+Y64+AB64+AE64)/F64 -> 1.7176964 | I64: 36.8 | J64: 0.4 | K64: =I64/(E64+J64) -> 0.027773585 | L64: 5.8 | M64: 0 | N64: =L64/(E64+M64) -> 0.0043786804 | O64: 513.2 | P64: 513.2 | Q64: =O64/(E64+P64) -> 0.27924693 | R64: 936.6 | S64: =R64/E64 -> 0.70708138 | T64: 157.6 | U64: =T64/R64 -> 0.1682682 | V64: 22 | W64: 0 | X64: =V64/(E64+W64) -> 0.016608788 | Y64: 74.4 | Z64: 3.6 | AA64: =Y64/(E64+Z64) -> 0.05601566 | AB64: 93.8 | AC64: 0 | AD64: =AB64/(E64+AC64) -> 0.070813831 | AE64: 44.8 | AF64: =AE64/R64 -> 0.047832586
A65: 2025-11/17~11/21 | B65: 印尼 | D65: 422.4 | E65: 1302.2 | F65: 1121.4 | G65: =F65/E65 -> 0.86115804 | H65: =(I65+L65+O65+R65+T65+V65+Y65+AB65+AE65)/F65 -> 1.8532192 | I65: 53.2 | J65: 0.6 | K65: =I65/(E65+J65) -> 0.040835124 | L65: 44.4 | M65: 0 | N65: =L65/(E65+M65) -> 0.034096145 | O65: 455.8 | P65: 455.8 | Q65: =O65/(E65+P65) -> 0.2592719 | R65: 903.8 | S65: =R65/E65 -> 0.69405621 | T65: 305.2 | U65: =T65/R65 -> 0.33768533 | V65: 26.4 | W65: 0 | X65: =V65/(E65+W65) -> 0.020273384 | Y65: 115.6 | Z65: 4.2 | AA65: =Y65/(E65+Z65) -> 0.088487446 | AB65: 143.6 | AC65: 0 | AD65: =AB65/(E65+AC65) -> 0.11027492 | AE65: 30.2 | AF65: =AE65/R65 -> 0.033414472
A66: 2025-11/17~11/21 | B66: 总计 | D66: =D64+D65 -> 772.9 | E66: =E64+E65 -> 2626.8 | F66: =F64+F65 -> 2218.8 | G66: =F66/E66 -> 0.84467794 | H66: =(I66+L66+O66+R66+T66+V66+Y66+AB66+AE66)/F66 -> 1.7861907 | I66: =I64+I65 -> 90 | J66: =J64+J65 -> 1 | K66: =I66/(E66+J66) -> 0.034249182 | L66: =L64+L65 -> 50.2 | N66: =L66/(E66+M66) -> 0.019110705 | O66: =O64+O65 -> 969 | P66: =P64+P65 -> 969 | Q66: =O66/(E66+P66) -> 0.26948106 | R66: =R64+R65 -> 1840.4 | S66: =R66/E66 -> 0.70062433 | T66: =T64+T65 -> 462.8 | U66: =T66/R66 -> 0.25146707 | V66: =V64+V65 -> 48.4 | X66: =V66/(E66+W66) -> 0.018425461 | Y66: =Y64+Y65 -> 190 | Z66: =Z64+Z65 -> 7.8 | AA66: =Y66/(E66+Z66) -> 0.072117209 | AB66: =AB64+AB65 -> 237.4 | AD66: =AB66/(E66+AC66) -> 0.090376123 | AE66: =AE64+AE65 -> 75 | AF66: =AE66/R66 -> 0.04075201
A67: 2025-11/24~11/28 | B67: 印度/巴基斯坦 | D67: 303.5 | E67: 1176 | F67: 958.2 | G67: =F67/E67 -> 0.81479592 | H67: =(I67+L67+O67+R67+T67+V67+Y67+AB67+AE67)/F67 -> 1.7186391 | I67: 36.4 | J67: 0.8 | K67: =I67/(E67+J67) -> 0.030931339 | L67: 2.8 | M67: 0 | N67: =L67/(E67+M67) -> 0.0023809524 | O67: 453.4 | P67: 453.4 | Q67: =O67/(E67+P67) -> 0.27826194 | R67: 793.6 | S67: =R67/E67 -> 0.67482993 | T67: 139 | U67: =T67/R67 -> 0.17515121 | V67: 14.8 | W67: 0 | X67: =V67/(E67+W67) -> 0.012585034 | Y67: 68.4 | Z67: 4 | AA67: =Y67/(E67+Z67) -> 0.057966102 | AB67: 95.6 | AC67: 0 | AD67: =AB67/(E67+AC67) -> 0.081292517 | AE67: 42.8 | AF67: =AE67/R67 -> 0.053931452
A68: 2025-11/24~11/28 | B68: 印尼 | D68: 371.5 | E68: 1203 | F68: 1030.4 | G68: =F68/E68 -> 0.85652535 | H68: =(I68+L68+O68+R68+T68+V68+Y68+AB68+AE68)/F68 -> 1.8387034 | I68: 53.4 | J68: 0.6 | K68: =I68/(E68+J68) -> 0.044366899 | L68: 48.2 | M68: 0 | N68: =L68/(E68+M68) -> 0.0400665 | O68: 417 | P68: 417 | Q68: =O68/(E68+P68) -> 0.25740741 | R68: 791.8 | S68: =R68/E68 -> 0.65818786 | T68: 285.4 | U68: =T68/R68 -> 0.36044456 | V68: 21.6 | W68: 0 | X68: =V68/(E68+W68) -> 0.017955112 | Y68: 116.8 | Z68: 6.2 | AA68: =Y68/(E68+Z68) -> 0.096592789 | AB68: 130.4 | AC68: 0 | AD68: =AB68/(E68+AC68) -> 0.10839568 | AE68: 30 | AF68: =AE68/R68 -> 0.037888356
A69: 2025-11/24~11/28 | B69: 总计 | D69: =D67+D68 -> 675 | E69: =E67+E68 -> 2379 | F69: =F67+F68 -> 1988.6 | G69: =F69/E69 -> 0.83589744 | H69: =(I69+L69+O69+R69+T69+V69+Y69+AB69+AE69)/F69 -> 1.7808508 | I69: =I67+I68 -> 89.8 | J69: =J67+J68 -> 1.4 | K69: =I69/(E69+J69) -> 0.037724752 | L69: =L67+L68 -> 51 | N69: =L69/(E69+M69) -> 0.021437579 | O69: =O67+O68 -> 870.4 | P69: =P67+P68 -> 870.4 | Q69: =O69/(E69+P69) -> 0.26786484 | R69: =R67+R68 -> 1585.4 | S69: =R69/E69 -> 0.66641446 | T69: =T67+T68 -> 424.4 | U69: =T69/R69 -> 0.2676927 | V69: =V67+V68 -> 36.4 | X69: =V69/(E69+W69) -> 0.015300546 | Y69: =Y67+Y68 -> 185.2 | Z69: =Z67+Z68 -> 10.2 | AA69: =Y69/(E69+Z69) -> 0.077515486 | AB69: =AB67+AB68 -> 226 | AD69: =AB69/(E69+AC69) -> 0.094997898 | AE69: =AE67+AE68 -> 72.8 | AF69: =AE69/R69 -> 0.045919011
A70: 2025-12/1~12/5 | B70: 印度/巴基斯坦 | D70: 312 | E70: 1083 | F70: 890.6 | G70: =F70/E70 -> 0.82234534 | H70: =(I70+L70+O70+R70+T70+V70+Y70+AB70+AE70)/F70 -> 1.76106 | I70: 37.4 | J70: 0.6 | K70: =I70/(E70+J70) -> 0.034514581 | L70: 4.8 | M70: 4.8 | N70: =L70/(E70+M70) -> 0.0044125758 | O70: 462.4 | P70: 462.4 | Q70: =O70/(E70+P70) -> 0.29921056 | R70: 712.2 | S70: =R70/E70 -> 0.65761773 | T70: 133.2 | U70: =T70/R70 -> 0.18702612 | V70: 16.2 | W70: 0.2 | X70: =V70/(E70+W70) -> 0.014955687 | Y70: 62.4 | Z70: 5.6 | AA70: =Y70/(E70+Z70) -> 0.05732133 | AB70: 103.8 | AC70: 4.4 | AD70: =AB70/(E70+AC70) -> 0.095457054 | AE70: 36 | AF70: =AE70/R70 -> 0.050547599
A71: 2025-12/1~12/5 | B71: 印尼 | D71: 368.4 | E71: 1143.6 | F71: 985.4 | G71: =F71/E71 -> 0.86166492 | H71: =(I71+L71+O71+R71+T71+V71+Y71+AB71+AE71)/F71 -> 1.8873554 | I71: 50.8 | J71: 0.2 | K71: =I71/(E71+J71) -> 0.044413359 | L71: 48.6 | M71: 12.2 | N71: =L71/(E71+M71) -> 0.042048797 | O71: 412 | P71: 412 | Q71: =O71/(E71+P71) -> 0.26484958 | R71: 761.2 | S71: =R71/E71 -> 0.66561735 | T71: 290 | U71: =T71/R71 -> 0.3809774 | V71: 26.4 | W71: 0.8 | X71: =V71/(E71+W71) -> 0.023068857 | Y71: 112.8 | Z71: 4 | AA71: =Y71/(E71+Z71) -> 0.098292088 | AB71: 127.6 | AC71: 3.2 | AD71: =AB71/(E71+AC71) -> 0.11126613 | AE71: 30.4 | AF71: =AE71/R71 -> 0.039936942
A72: 2025-12/1~12/5 | B72: 总计 | D72: =D70+D71 -> 680.4 | E72: =E70+E71 -> 2226.6 | F72: =F70+F71 -> 1876 | G72: =F72/E72 -> 0.8425402 | H72: =(I72+L72+O72+R72+T72+V72+Y72+AB72+AE72)/F72 -> 1.8273987 | I72: =I70+I71 -> 88.2 | J72: =J70+J71 -> 0.8 | K72: =I72/(E72+J72) -> 0.039597737 | L72: =L70+L71 -> 53.4 | M72: =M70+M71 -> 17 | N72: =L72/(E72+M72) -> 0.023801034 | O72: =O70+O71 -> 874.4 | P72: =P70+P71 -> 874.4 | Q72: =O72/(E72+P72) -> 0.28197356 | R72: =R70+R71 -> 1473.4 | S72: =R72/E72 -> 0.6617264 | T72: =T70+T71 -> 423.2 | U72: =T72/R72 -> 0.28722682 | V72: =V70+V71 -> 42.6 | W72: =W70+W71 -> 1 | X72: =V72/(E72+W72) -> 0.019123721 | Y72: =Y70+Y71 -> 175.2 | Z72: =Z70+Z71 -> 9.6 | AA72: =Y72/(E72+Z72) -> 0.078347196 | AB72: =AB70+AB71 -> 231.4 | AC72: =AC70+AC71 -> 7.6 | AD72: =AB72/(E72+AC72) -> 0.10357175 | AE72: =AE70+AE71 -> 66.4 | AF72: =AE72/R72 -> 0.045065834
A73: 2025-12/8~12/12 | B73: 印度/巴基斯坦 | D73: 293.9 | E73: 1035.8 | F73: 835 | G73: =F73/E73 -> 0.80614018 | H73: =(I73+L73+O73+R73+T73+V73+Y73+AB73+AE73)/F73 -> 1.6886228 | I73: 30 | J73: 0.4 | K73: =I73/(E73+J73) -> 0.02895194 | L73: 4 | M73: 5.8 | N73: =L73/(E73+M73) -> 0.0038402458 | O73: 415.6 | P73: 415.6 | Q73: =O73/(E73+P73) -> 0.28634422 | R73: 655.4 | S73: =R73/E73 -> 0.63274763 | T73: 112 | U73: =T73/R73 -> 0.17088801 | V73: 14.6 | W73: 1.6 | X73: =V73/(E73+W73) -> 0.014073646 | Y73: 53.8 | Z73: 3.2 | AA73: =Y73/(E73+Z73) -> 0.051780558 | AB73: 92.2 | AC73: 21 | AD73: =AB73/(E73+AC73) -> 0.087244512 | AE73: 32.4 | AF73: =AE73/R73 -> 0.049435459
A74: 2025-12/8~12/12 | B74: 印尼 | D74: 317.7 | E74: 1021.2 | F74: 865.6 | G74: =F74/E74 -> 0.84763024 | H74: =(I74+L74+O74+R74+T74+V74+Y74+AB74+AE74)/F74 -> 1.8283272 | I74: 50.2 | J74: 0.4 | K74: =I74/(E74+J74) -> 0.049138606 | L74: 40 | M74: 13.2 | N74: =L74/(E74+M74) -> 0.03866976 | O74: 347 | P74: 347 | Q74: =O74/(E74+P74) -> 0.25361789 | R74: 661.4 | S74: =R74/E74 -> 0.64766941 | T74: 232 | U74: =T74/R74 -> 0.35077109 | V74: 18 | W74: 0.8 | X74: =V74/(E74+W74) -> 0.017612524 | Y74: 101.4 | Z74: 4.4 | AA74: =Y74/(E74+Z74) -> 0.098868955 | AB74: 107.6 | AC74: 23.8 | AD74: =AB74/(E74+AC74) -> 0.10296651 | AE74: 25 | AF74: =AE74/R74 -> 0.037798609
A75: 2025-12/8~12/12 | B75: 总计 | D75: =D73+D74 -> 611.6 | E75: =E73+E74 -> 2057 | F75: =F73+F74 -> 1700.6 | G75: =F75/E75 -> 0.82673797 | H75: =(I75+L75+O75+R75+T75+V75+Y75+AB75+AE75)/F75 -> 1.7597319 | I75: =I73+I74 -> 80.2 | J75: =J73+J74 -> 0.8 | K75: =I75/(E75+J75) -> 0.038973661 | L75: =L73+L74 -> 44 | M75: =M73+M74 -> 19 | N75: =L75/(E75+M75) -> 0.021194605 | O75: =O73+O74 -> 762.6 | P75: =P73+P74 -> 762.6 | Q75: =O75/(E75+P75) -> 0.2704639 | R75: =R73+R74 -> 1316.8 | S75: =R75/E75 -> 0.64015557 | T75: =T73+T74 -> 344 | U75: =T75/R75 -> 0.26123937 | V75: =V73+V74 -> 32.6 | W75: =W73+W74 -> 2.4 | X75: =V75/(E75+W75) -> 0.015829853 | Y75: =Y73+Y74 -> 155.2 | Z75: =Z73+Z74 -> 7.6 | AA75: =Y75/(E75+Z75) -> 0.075171946 | AB75: =AB73+AB74 -> 199.8 | AC75: =AC73+AC74 -> 44.8 | AD75: =AB75/(E75+AC75) -> 0.095061376 | AE75: =AE73+AE74 -> 57.4 | AF75: =AE75/R75 -> 0.043590522
A76: 2025-12/15~12/19 | B76: 印度/巴基斯坦 | D76: 297.3 | E76: 1123.6 | F76: 879.2 | G76: =F76/E76 -> 0.78248487 | H76: =(I76+L76+O76+R76+T76+V76+Y76+AB76+AE76)/F76 -> 1.6512739 | I76: 31.6 | J76: 0 | K76: =I76/(E76+J76) -> 0.028123888 | L76: 6.2 | M76: 7.2 | N76: =L76/(E76+M76) -> 0.005482844 | O76: 413.6 | P76: 413.6 | Q76: =O76/(E76+P76) -> 0.26906063 | R76: 659.2 | S76: =R76/E76 -> 0.58668565 | T76: 129.2 | U76: =T76/R76 -> 0.19599515 | V76: 15.4 | W76: 2 | X76: =V76/(E76+W76) -> 0.013681592 | Y76: 62.8 | Z76: 3.6 | AA76: =Y76/(E76+Z76) -> 0.055713272 | AB76: 99 | AC76: 25.2 | AD76: =AB76/(E76+AC76) -> 0.08617688 | AE76: 34.8 | AF76: =AE76/R76 -> 0.052791262
A77: 2025-12/15~12/19 | B77: 印尼 | D77: 413.5 | E77: 1242.8 | F77: 1073.6 | G77: =F77/E77 -> 0.86385581 | H77: =(I77+L77+O77+R77+T77+V77+Y77+AB77+AE77)/F77 -> 1.8912072 | I77: 51 | J77: 0.6 | K77: =I77/(E77+J77) -> 0.041016567 | L77: 36.6 | M77: 18.4 | N77: =L77/(E77+M77) -> 0.029019981 | O77: 433.4 | P77: 433.4 | Q77: =O77/(E77+P77) -> 0.25856103 | R77: 837.2 | S77: =R77/E77 -> 0.67364017 | T77: 340 | U77: =T77/R77 -> 0.40611562 | V77: 20 | W77: 2.4 | X77: =V77/(E77+W77) -> 0.016061677 | Y77: 134 | Z77: 4.8 | AA77: =Y77/(E77+Z77) -> 0.10740622 | AB77: 148 | AC77: 23 | AD77: =AB77/(E77+AC77) -> 0.1169221 | AE77: 30.2 | AF77: =AE77/R77 -> 0.036072623
A78: 2025-12/15~12/19 | B78: 总计 | D78: =D76+D77 -> 710.8 | E78: =E76+E77 -> 2366.4 | F78: =F76+F77 -> 1952.8 | G78: =F78/E78 -> 0.82521974 | H78: =(I78+L78+O78+R78+T78+V78+Y78+AB78+AE78)/F78 -> 1.7831831 | I78: =I76+I77 -> 82.6 | J78: =J76+J77 -> 0.6 | K78: =I78/(E78+J78) -> 0.034896493 | L78: =L76+L77 -> 42.8 | M78: =M76+M77 -> 25.6 | N78: =L78/(E78+M78) -> 0.017892977 | O78: =O76+O77 -> 847 | P78: =P76+P77 -> 847 | Q78: =O78/(E78+P78) -> 0.26358374 | R78: =R76+R77 -> 1496.4 | S78: =R78/E78 -> 0.63235294 | T78: =T76+T77 -> 469.2 | U78: =T78/R78 -> 0.31355253 | V78: =V76+V77 -> 35.4 | W78: =W76+W77 -> 4.4 | X78: =V78/(E78+W78) -> 0.014931669 | Y78: =Y76+Y77 -> 196.8 | Z78: =Z76+Z77 -> 8.4 | AA78: =Y78/(E78+Z78) -> 0.082870136 | AB78: =AB76+AB77 -> 247 | AC78: =AC76+AC77 -> 48.2 | AD78: =AB78/(E78+AC78) -> 0.10229438 | AE78: =AE76+AE77 -> 65 | AF78: =AE78/R78 -> 0.043437584
A79: 2025-12/22~12/26 | B79: 印度/巴基斯坦 | D79: 307.2 | E79: 1067.8 | F79: 906.6 | G79: =F79/E79 -> 0.8490354 | H79: =(I79+L79+O79+R79+T79+V79+Y79+AB79+AE79)/F79 -> 1.703287 | I79: 38 | J79: 0 | K79: =I79/(E79+J79) -> 0.035587189 | L79: 4.2 | M79: 5.4 | N79: =L79/(E79+M79) -> 0.0039135296 | O79: 405.8 | P79: 405.8 | Q79: =O79/(E79+P79) -> 0.27538002 | R79: 769.6 | S79: =R79/E79 -> 0.72073422 | T79: 123.6 | U79: =T79/R79 -> 0.16060291 | V79: 13.8 | W79: 2.2 | X79: =V79/(E79+W79) -> 0.012897196 | Y79: 51.2 | Z79: 5 | AA79: =Y79/(E79+Z79) -> 0.047725578 | AB79: 104.6 | AC79: 21.6 | AD79: =AB79/(E79+AC79) -> 0.096016156 | AE79: 33.4 | AF79: =AE79/R79 -> 0.043399168
A80: 2025-12/22~12/26 | B80: 印尼 | D80: 352.4 | E80: 1178.6 | F80: 981.8 | G80: =F80/E80 -> 0.83302223 | H80: =(I80+L80+O80+R80+T80+V80+Y80+AB80+AE80)/F80 -> 1.8510898 | I80: 48.2 | J80: 0 | K80: =I80/(E80+J80) -> 0.040895978 | L80: 44 | M80: 14 | N80: =L80/(E80+M80) -> 0.036894181 | O80: 376.2 | P80: 376.2 | Q80: =O80/(E80+P80) -> 0.24196038 | R80: 778 | S80: =R80/E80 -> 0.66010521 | T80: 283.2 | U80: =T80/R80 -> 0.36401028 | V80: 18 | W80: 1.2 | X80: =V80/(E80+W80) -> 0.015256823 | Y80: 119.4 | Z80: 4.2 | AA80: =Y80/(E80+Z80) -> 0.10094691 | AB80: 124 | AC80: 22.2 | AD80: =AB80/(E80+AC80) -> 0.10326449 | AE80: 26.4 | AF80: =AE80/R80 -> 0.033933162
A81: 2025-12/22~12/26 | B81: 总计 | D81: =D79+D80 -> 659.6 | E81: =E79+E80 -> 2246.4 | F81: =F79+F80 -> 1888.4 | G81: =F81/E81 -> 0.8406339 | H81: =(I81+L81+O81+R81+T81+V81+Y81+AB81+AE81)/F81 -> 1.7801313 | I81: =I79+I80 -> 86.2 | J81: =J79+J80 -> 0 | K81: =I81/(E81+J81) -> 0.038372507 | L81: =L79+L80 -> 48.2 | M81: =M79+M80 -> 19.4 | N81: =L81/(E81+M81) -> 0.02127284 | O81: =O79+O80 -> 782 | P81: =P79+P80 -> 782 | Q81: =O81/(E81+P81) -> 0.25822216 | R81: =R79+R80 -> 1547.6 | S81: =R81/E81 -> 0.6889245 | T81: =T79+T80 -> 406.8 | U81: =T81/R81 -> 0.26285862 | V81: =V79+V80 -> 31.8 | W81: =W79+W80 -> 3.4 | X81: =V81/(E81+W81) -> 0.01413459 | Y81: =Y79+Y80 -> 170.6 | Z81: =Z79+Z80 -> 9.2 | AA81: =Y81/(E81+Z81) -> 0.075633978 | AB81: =AB79+AB80 -> 228.6 | AC81: =AC79+AC80 -> 43.8 | AD81: =AB81/(E81+AC81) -> 0.09981661 | AE81: =AE79+AE80 -> 59.8 | AF81: =AE81/R81 -> 0.038640476
A82: 2025-12/29~2026-1/2 | B82: 印度/巴基斯坦 | D82: 299 | E82: 992.6 | F82: 837.2 | G82: =F82/E82 -> 0.84344147 | H82: =(I82+L82+O82+R82+T82+V82+Y82+AB82+AE82)/F82 -> 1.6760631 | I82: 35.8 | J82: 0.2 | K82: =I82/(E82+J82) -> 0.036059629 | L82: 4.6 | M82: 5.4 | N82: =L82/(E82+M82) -> 0.0046092184 | O82: 357.2 | P82: 357.2 | Q82: =O82/(E82+P82) -> 0.2646318 | R82: 708.6 | S82: =R82/E82 -> 0.71388273 | T82: 120 | U82: =T82/R82 -> 0.16934801 | V82: 11.8 | W82: 1.8 | X82: =V82/(E82+W82) -> 0.011866452 | Y82: 46.4 | Z82: 2.4 | AA82: =Y82/(E82+Z82) -> 0.046633166 | AB82: 88.4 | AC82: 17.6 | AD82: =AB82/(E82+AC82) -> 0.087507424 | AE82: 30.4 | AF82: =AE82/R82 -> 0.042901496
A83: 2025-12/29~2026-1/2 | B83: 印尼 | D83: 400.5 | E83: 1140.4 | F83: 1000.6 | G83: =F83/E83 -> 0.87741143 | H83: =(I83+L83+O83+R83+T83+V83+Y83+AB83+AE83)/F83 -> 1.885069 | I83: 53.4 | J83: 0 | K83: =I83/(E83+J83) -> 0.046825675 | L83: 35.2 | M83: 11.6 | N83: =L83/(E83+M83) -> 0.030555556 | O83: 386.6 | P83: 386.6 | Q83: =O83/(E83+P83) -> 0.25317616 | R83: 806.4 | S83: =R83/E83 -> 0.70712031 | T83: 300.6 | U83: =T83/R83 -> 0.37276786 | V83: 20 | W83: 1.6 | X83: =V83/(E83+W83) -> 0.017513135 | Y83: 111 | Z83: 4.4 | AA83: =Y83/(E83+Z83) -> 0.096960168 | AB83: 144.4 | AC83: 23.6 | AD83: =AB83/(E83+AC83) -> 0.12405498 | AE83: 28.6 | AF83: =AE83/R83 -> 0.03546627
A84: 2025-12/29~2026-1/2 | B84: 总计 | D84: =D82+D83 -> 699.5 | E84: =E82+E83 -> 2133 | F84: =F82+F83 -> 1837.8 | G84: =F84/E84 -> 0.86160338 | H84: =(I84+L84+O84+R84+T84+V84+Y84+AB84+AE84)/F84 -> 1.7898574 | I84: =I82+I83 -> 89.2 | J84: =J82+J83 -> 0.2 | K84: =I84/(E84+J84) -> 0.041815113 | L84: =L82+L83 -> 39.8 | M84: =M82+M83 -> 17 | N84: =L84/(E84+M84) -> 0.018511628 | O84: =O82+O83 -> 743.8 | P84: =P82+P83 -> 743.8 | Q84: =O84/(E84+P84) -> 0.25855117 | R84: =R82+R83 -> 1515 | S84: =R84/E84 -> 0.71026723 | T84: =T82+T83 -> 420.6 | U84: =T84/R84 -> 0.27762376 | V84: =V82+V83 -> 31.8 | W84: =W82+W83 -> 3.4 | X84: =V84/(E84+W84) -> 0.014884853 | Y84: =Y82+Y83 -> 157.4 | Z84: =Z82+Z83 -> 6.8 | AA84: =Y84/(E84+Z84) -> 0.073558276 | AB84: =AB82+AB83 -> 232.8 | AC84: =AC82+AC83 -> 41.2 | AD84: =AB84/(E84+AC84) -> 0.10707387 | AE84: =AE82+AE83 -> 59 | AF84: =AE84/R84 -> 0.038943894
A85: 2026-1/5~1/9 | B85: 印度/巴基斯坦 | D85: 329.9 | E85: 1297.4 | F85: 1094.8 | G85: =F85/E85 -> 0.84384153 | H85: =(I85+L85+O85+R85+T85+V85+Y85+AB85+AE85)/F85 -> 1.6863354 | I85: 32.2 | J85: 0 | K85: =I85/(E85+J85) -> 0.024818869 | L85: 5.6 | M85: 4.2 | N85: =L85/(E85+M85) -> 0.004302397 | O85: 462.8 | P85: 462.8 | Q85: =O85/(E85+P85) -> 0.26292467 | R85: 944.6 | S85: =R85/E85 -> 0.72807153 | T85: 145.6 | U85: =T85/R85 -> 0.15413932 | V85: 15.8 | W85: 2.6 | X85: =V85/(E85+W85) -> 0.012153846 | Y85: 61.2 | Z85: 4.6 | AA85: =Y85/(E85+Z85) -> 0.047004608 | AB85: 143.8 | AC85: 22.4 | AD85: =AB85/(E85+AC85) -> 0.1089559 | AE85: 34.6 | AF85: =AE85/R85 -> 0.036629261
A86: 2026-1/5~1/9 | B86: 印尼 | D86: 398.9 | E86: 1283 | F86: 1090.2 | G86: =F86/E86 -> 0.8497272 | H86: =(I86+L86+O86+R86+T86+V86+Y86+AB86+AE86)/F86 -> 1.8381948 | I86: 52.8 | J86: 0.4 | K86: =I86/(E86+J86) -> 0.04114072 | L86: 46.8 | M86: 15.2 | N86: =L86/(E86+M86) -> 0.036049915 | O86: 428.8 | P86: 428.8 | Q86: =O86/(E86+P86) -> 0.25049655 | R86: 849.2 | S86: =R86/E86 -> 0.6618862 | T86: 296.8 | U86: =T86/R86 -> 0.34950542 | V86: 20.6 | W86: 1.4 | X86: =V86/(E86+W86) -> 0.016038617 | Y86: 127.2 | Z86: 4.4 | AA86: =Y86/(E86+Z86) -> 0.098803791 | AB86: 141.6 | AC86: 20 | AD86: =AB86/(E86+AC86) -> 0.10867229 | AE86: 40.2 | AF86: =AE86/R86 -> 0.047338672
A87: 2026-1/5~1/9 | B87: 总计 | D87: =D85+D86 -> 728.8 | E87: =E85+E86 -> 2580.4 | F87: =F85+F86 -> 2185 | G87: =F87/E87 -> 0.84676794 | H87: =(I87+L87+O87+R87+T87+V87+Y87+AB87+AE87)/F87 -> 1.7621053 | I87: =I85+I86 -> 85 | J87: =J85+J86 -> 0.4 | K87: =I87/(E87+J87) -> 0.032935524 | L87: =L85+L86 -> 52.4 | M87: =M85+M86 -> 19.4 | N87: =L87/(E87+M87) -> 0.020155397 | O87: =O85+O86 -> 891.6 | P87: =P85+P86 -> 891.6 | Q87: =O87/(E87+P87) -> 0.25679724 | R87: =R85+R86 -> 1793.8 | S87: =R87/E87 -> 0.69516354 | T87: =T85+T86 -> 442.4 | U87: =T87/R87 -> 0.24662727 | V87: =V85+V86 -> 36.4 | W87: =W85+W86 -> 4 | X87: =V87/(E87+W87) -> 0.014084507 | Y87: =Y85+Y86 -> 188.4 | Z87: =Z85+Z86 -> 9 | AA87: =Y87/(E87+Z87) -> 0.072758168 | AB87: =AB85+AB86 -> 285.4 | AC87: =AC85+AC86 -> 42.4 | AD87: =AB87/(E87+AC87) -> 0.10881501 | AE87: =AE85+AE86 -> 74.8 | AF87: =AE87/R87 -> 0.041699186
A88: 2026-1/12~1/16 | B88: 印度/巴基斯坦 | D88: 367.3 | E88: 1204.2 | F88: 1014 | G88: =F88/E88 -> 0.84205282 | H88: =(I88+L88+O88+R88+T88+V88+Y88+AB88+AE88)/F88 -> 1.7155819 | I88: 35.4 | J88: 0.2 | K88: =I88/(E88+J88) -> 0.029392228 | L88: 4.2 | M88: 4.6 | N88: =L88/(E88+M88) -> 0.0034745202 | O88: 452.6 | P88: 452.6 | Q88: =O88/(E88+P88) -> 0.27317721 | R88: 862.4 | S88: =R88/E88 -> 0.71616011 | T88: 143.6 | U88: =T88/R88 -> 0.16651206 | V88: 13.4 | W88: 1.8 | X88: =V88/(E88+W88) -> 0.011111111 | Y88: 65.8 | Z88: 5.2 | AA88: =Y88/(E88+Z88) -> 0.054407144 | AB88: 128.6 | AC88: 21.4 | AD88: =AB88/(E88+AC88) -> 0.1049282 | AE88: 33.6 | AF88: =AE88/R88 -> 0.038961039
A89: 2026-1/12~1/16 | B89: 印尼 | D89: 762.7 | E89: 1966 | F89: 1747.6 | G89: =F89/E89 -> 0.8889115 | H89: =(I89+L89+O89+R89+T89+V89+Y89+AB89+AE89)/F89 -> 1.9534218 | I89: 60.8 | J89: 0.4 | K89: =I89/(E89+J89) -> 0.030919447 | L89: 36 | M89: 20.6 | N89: =L89/(E89+M89) -> 0.018121413 | O89: 824.4 | P89: 824.4 | Q89: =O89/(E89+P89) -> 0.29544151 | R89: 1461.2 | S89: =R89/E89 -> 0.74323499 | T89: 466.4 | U89: =T89/R89 -> 0.31918971 | V89: 35.6 | W89: 2.8 | X89: =V89/(E89+W89) -> 0.01808208 | Y89: 199.4 | Z89: 8.6 | AA89: =Y89/(E89+Z89) -> 0.10098248 | AB89: 276.4 | AC89: 38.2 | AD89: =AB89/(E89+AC89) -> 0.13791039 | AE89: 53.6 | AF89: =AE89/R89 -> 0.036682179
A90: 2026-1/12~1/16 | B90: 总计 | D90: =D88+D89 -> 1130 | E90: =E88+E89 -> 3170.2 | F90: =F88+F89 -> 2761.6 | G90: =F90/E90 -> 0.87111223 | H90: =(I90+L90+O90+R90+T90+V90+Y90+AB90+AE90)/F90 -> 1.8660921 | I90: =I88+I89 -> 96.2 | J90: =J88+J89 -> 0.6 | K90: =I90/(E90+J90) -> 0.030339347 | L90: =L88+L89 -> 40.2 | M90: =M88+M89 -> 25.2 | N90: =L90/(E90+M90) -> 0.012580585 | O90: =O88+O89 -> 1277 | P90: =P88+P89 -> 1277 | Q90: =O90/(E90+P90) -> 0.28714697 | R90: =R88+R89 -> 2323.6 | S90: =R90/E90 -> 0.7329506 | T90: =T88+T89 -> 610 | U90: =T90/R90 -> 0.26252367 | V90: =V88+V89 -> 49 | W90: =W88+W89 -> 4.6 | X90: =V90/(E90+W90) -> 0.015434043 | Y90: =Y88+Y89 -> 265.2 | Z90: =Z88+Z89 -> 13.8 | AA90: =Y90/(E90+Z90) -> 0.083291457 | AB90: =AB88+AB89 -> 405 | AC90: =AC88+AC89 -> 59.6 | AD90: =AB90/(E90+AC90) -> 0.12539476 | AE90: =AE88+AE89 -> 87.2 | AF90: =AE90/R90 -> 0.037527974
A91: 2026-1/19~1/23 | B91: 印度/巴基斯坦 | D91: 377.2 | E91: 1313.6 | F91: 1078 | G91: =F91/E91 -> 0.82064555 | H91: =(I91+L91+O91+R91+T91+V91+Y91+AB91+AE91)/F91 -> 1.7053803 | I91: 32 | J91: 0.8 | K91: =I91/(E91+J91) -> 0.024345709 | L91: 4.2 | M91: 5.4 | N91: =L91/(E91+M91) -> 0.0031842305 | O91: 476.6 | P91: 476.6 | Q91: =O91/(E91+P91) -> 0.26622724 | R91: 914.8 | S91: =R91/E91 -> 0.69640682 | T91: 156.2 | U91: =T91/R91 -> 0.1707477 | V91: 17.8 | W91: 1.4 | X91: =V91/(E91+W91) -> 0.013536122 | Y91: 67.8 | Z91: 6 | AA91: =Y91/(E91+Z91) -> 0.051379206 | AB91: 126 | AC91: 24.4 | AD91: =AB91/(E91+AC91) -> 0.094170404 | AE91: 43 | AF91: =AE91/R91 -> 0.04700481
A92: 2026-1/19~1/23 | B92: 印尼 | D92: 539.5 | E92: 1611 | F92: 1385.8 | G92: =F92/E92 -> 0.86021105 | H92: =(I92+L92+O92+R92+T92+V92+Y92+AB92+AE92)/F92 -> 1.8757396 | I92: 43 | J92: 0.6 | K92: =I92/(E92+J92) -> 0.026681559 | L92: 29.4 | M92: 13.4 | N92: =L92/(E92+M92) -> 0.01809899 | O92: 584.2 | P92: 584.2 | Q92: =O92/(E92+P92) -> 0.26612609 | R92: 1142 | S92: =R92/E92 -> 0.70887647 | T92: 376 | U92: =T92/R92 -> 0.32924694 | V92: 21.8 | W92: 2 | X92: =V92/(E92+W92) -> 0.013515189 | Y92: 160.4 | Z92: 5.8 | AA92: =Y92/(E92+Z92) -> 0.099208313 | AB92: 198 | AC92: 35 | AD92: =AB92/(E92+AC92) -> 0.12029162 | AE92: 44.6 | AF92: =AE92/R92 -> 0.039054291
A93: 2026-1/19~1/23 | B93: 总计 | D93: =D91+D92 -> 916.7 | E93: =E91+E92 -> 2924.6 | F93: =F91+F92 -> 2463.8 | G93: =F93/E93 -> 0.84243999 | H93: =(I93+L93+O93+R93+T93+V93+Y93+AB93+AE93)/F93 -> 1.8012014 | I93: =I91+I92 -> 75 | J93: =J91+J92 -> 1.4 | K93: =I93/(E93+J93) -> 0.025632262 | L93: =L91+L92 -> 33.6 | M93: =M91+M92 -> 18.8 | N93: =L93/(E93+M93) -> 0.01141537 | O93: =O91+O92 -> 1060.8 | P93: =P91+P92 -> 1060.8 | Q93: =O93/(E93+P93) -> 0.26617153 | R93: =R91+R92 -> 2056.8 | S93: =R93/E93 -> 0.70327566 | T93: =T91+T92 -> 532.2 | U93: =T93/R93 -> 0.25875146 | V93: =V91+V92 -> 39.6 | W93: =W91+W92 -> 3.4 | X93: =V93/(E93+W93) -> 0.01352459 | Y93: =Y91+Y92 -> 228.2 | Z93: =Z91+Z92 -> 11.8 | AA93: =Y93/(E93+Z93) -> 0.077714208 | AB93: =AB91+AB92 -> 324 | AC93: =AC91+AC92 -> 59.4 | AD93: =AB93/(E93+AC93) -> 0.10857909 | AE93: =AE91+AE92 -> 87.6 | AF93: =AE93/R93 -> 0.042590432
A94: 2026-1/26~1/30 | B94: 印度/巴基斯坦 | D94: 391.8 | E94: 1363.2 | F94: 1103.2 | G94: =F94/E94 -> 0.8092723 | H94: =(I94+L94+O94+R94+T94+V94+Y94+AB94+AE94)/F94 -> 1.6961566 | I94: 29.6 | J94: 0 | K94: =I94/(E94+J94) -> 0.021713615 | L94: 8.4 | M94: 5.8 | N94: =L94/(E94+M94) -> 0.0061358656 | O94: 471 | P94: 471 | Q94: =O94/(E94+P94) -> 0.2567877 | R94: 928.6 | S94: =R94/E94 -> 0.68119131 | T94: 153.6 | U94: =T94/R94 -> 0.1654103 | V94: 17.8 | W94: 1.6 | X94: =V94/(E94+W94) -> 0.013042204 | Y94: 83.6 | Z94: 4.2 | AA94: =Y94/(E94+Z94) -> 0.061137926 | AB94: 128.8 | AC94: 23.8 | AD94: =AB94/(E94+AC94) -> 0.092862293 | AE94: 49.8 | AF94: =AE94/R94 -> 0.053629119
A95: 2026-1/26~1/30 | B95: 印尼 | D95: 524.4 | E95: 1606.8 | F95: 1379 | G95: =F95/E95 -> 0.85822753 | H95: =(I95+L95+O95+R95+T95+V95+Y95+AB95+AE95)/F95 -> 1.8274112 | I95: 40.6 | J95: 0.6 | K95: =I95/(E95+J95) -> 0.025258181 | L95: 45.4 | M95: 12.6 | N95: =L95/(E95+M95) -> 0.028035075 | O95: 526.4 | P95: 526.4 | Q95: =O95/(E95+P95) -> 0.24676542 | R95: 1101.4 | S95: =R95/E95 -> 0.68546179 | T95: 362.4 | U95: =T95/R95 -> 0.32903577 | V95: 26.8 | W95: 2.6 | X95: =V95/(E95+W95) -> 0.016652169 | Y95: 174.4 | Z95: 5.4 | AA95: =Y95/(E95+Z95) -> 0.10817516 | AB95: 195.4 | AC95: 28 | AD95: =AB95/(E95+AC95) -> 0.11952532 | AE95: 47.2 | AF95: =AE95/R95 -> 0.042854549
A96: 2026-1/26~1/30 | B96: 总计 | D96: =D94+D95 -> 916.2 | E96: =E94+E95 -> 2970 | F96: =F94+F95 -> 2482.2 | G96: =F96/E96 -> 0.83575758 | H96: =(I96+L96+O96+R96+T96+V96+Y96+AB96+AE96)/F96 -> 1.7690758 | I96: =I94+I95 -> 70.2 | J96: =J94+J95 -> 0.6 | K96: =I96/(E96+J96) -> 0.02363159 | L96: =L94+L95 -> 53.8 | M96: =M94+M95 -> 18.4 | N96: =L96/(E96+M96) -> 0.018002945 | O96: =O94+O95 -> 997.4 | P96: =P94+P95 -> 997.4 | Q96: =O96/(E96+P96) -> 0.2513989 | R96: =R94+R95 -> 2030 | S96: =R96/E96 -> 0.68350168 | T96: =T94+T95 -> 516 | U96: =T96/R96 -> 0.25418719 | V96: =V94+V95 -> 44.6 | W96: =W94+W95 -> 4.2 | X96: =V96/(E96+W96) -> 0.014995629 | Y96: =Y94+Y95 -> 258 | Z96: =Z94+Z95 -> 9.6 | AA96: =Y96/(E96+Z96) -> 0.086588804 | AB96: =AB94+AB95 -> 324.2 | AC96: =AC94+AC95 -> 51.8 | AD96: =AB96/(E96+AC96) -> 0.10728705 | AE96: =AE94+AE95 -> 97 | AF96: =AE96/R96 -> 0.047783251
A97: 2026-2/2~2/6 | B97: 印度/巴基斯坦 | D97: 202.8 | E97: 1011.6 | F97: 837 | G97: =F97/E97 -> 0.82740214 | H97: =(I97+L97+O97+R97+T97+V97+Y97+AB97+AE97)/F97 -> 1.678853 | I97: 21 | J97: 0 | K97: =I97/(E97+J97) -> 0.020759193 | L97: 6 | M97: 3.6 | N97: =L97/(E97+M97) -> 0.0059101655 | O97: 353.8 | P97: 353.8 | Q97: =O97/(E97+P97) -> 0.25911821 | R97: 700.2 | S97: =R97/E97 -> 0.69217082 | T97: 109.2 | U97: =T97/R97 -> 0.15595544 | V97: 11.6 | W97: 1.6 | X97: =V97/(E97+W97) -> 0.011448875 | Y97: 63 | Z97: 3.8 | AA97: =Y97/(E97+Z97) -> 0.062044514 | AB97: 102.6 | AC97: 20.8 | AD97: =AB97/(E97+AC97) -> 0.099380085 | AE97: 37.8 | AF97: =AE97/R97 -> 0.053984576
A98: 2026-2/2~2/6 | B98: 印尼 | D98: 294 | E98: 1345.8 | F98: 1153.2 | G98: =F98/E98 -> 0.8568881 | H98: =(I98+L98+O98+R98+T98+V98+Y98+AB98+AE98)/F98 -> 1.8338536 | I98: 30.4 | J98: 1.4 | K98: =I98/(E98+J98) -> 0.022565321 | L98: 36.4 | M98: 12.4 | N98: =L98/(E98+M98) -> 0.026800177 | O98: 446.8 | P98: 446.8 | Q98: =O98/(E98+P98) -> 0.2492469 | R98: 921.2 | S98: =R98/E98 -> 0.68449993 | T98: 319 | U98: =T98/R98 -> 0.34628745 | V98: 20.2 | W98: 2.8 | X98: =V98/(E98+W98) -> 0.014978496 | Y98: 142.8 | Z98: 6.6 | AA98: =Y98/(E98+Z98) -> 0.10559006 | AB98: 163.6 | AC98: 21.6 | AD98: =AB98/(E98+AC98) -> 0.11964312 | AE98: 34.4 | AF98: =AE98/R98 -> 0.037342597
A99: 2026-2/2~2/6 | B99: 总计 | D99: =D97+D98 -> 496.8 | E99: =E97+E98 -> 2357.4 | F99: =F97+F98 -> 1990.2 | G99: =F99/E99 -> 0.84423517 | H99: =(I99+L99+O99+R99+T99+V99+Y99+AB99+AE99)/F99 -> 1.7686665 | I99: =I97+I98 -> 51.4 | J99: =J97+J98 -> 1.4 | K99: =I99/(E99+J99) -> 0.021790741 | L99: =L97+L98 -> 42.4 | M99: =M97+M98 -> 16 | N99: =L99/(E99+M99) -> 0.017864667 | O99: =O97+O98 -> 800.6 | P99: =P97+P98 -> 800.6 | Q99: =O99/(E99+P99) -> 0.25351488 | R99: =R97+R98 -> 1621.4 | S99: =R99/E99 -> 0.68779163 | T99: =T97+T98 -> 428.2 | U99: =T99/R99 -> 0.26409276 | V99: =V97+V98 -> 31.8 | W99: =W97+W98 -> 4.4 | X99: =V99/(E99+W99) -> 0.013464307 | Y99: =Y97+Y98 -> 205.8 | Z99: =Z97+Z98 -> 10.4 | AA99: =Y99/(E99+Z99) -> 0.086916125 | AB99: =AB97+AB98 -> 266.2 | AC99: =AC97+AC98 -> 42.4 | AD99: =AB99/(E99+AC99) -> 0.11092591 | AE99: =AE97+AE98 -> 72.2 | AF99: =AE99/R99 -> 0.044529419 | AH99: 自然UV和9个点位 2025.10.13~10.17开始下降，2026.1.12~1.16开始下降 | AM99: 自然UV和交易商搜索页面 2025.10.13~10.17开始下降，2026.1.12~1.16开始下降
A100: 2026-2/9~2/13 | B100: 印度/巴基斯坦 | D100: 415.6 | E100: 1373.2 | F100: 1157.8 | G100: =F100/E100 -> 0.84314011 | H100: =(I100+L100+O100+R100+T100+V100+Y100+AB100+AE100)/F100 -> 1.7066851 | I100: 38.2 | J100: 0 | K100: =I100/(E100+J100) -> 0.027818235 | L100: 5.4 | M100: 6.6 | N100: =L100/(E100+M100) -> 0.0039136107 | O100: 491 | P100: 491 | Q100: =O100/(E100+P100) -> 0.26338376 | R100: 982.2 | S100: =R100/E100 -> 0.71526362 | T100: 161.2 | U100: =T100/R100 -> 0.16412136 | V100: 16.8 | W100: 2.8 | X100: =V100/(E100+W100) -> 0.012209302 | Y100: 80.8 | Z100: 5 | AA100: =Y100/(E100+Z100) -> 0.058627195 | AB100: 149.6 | AC100: 26 | AD100: =AB100/(E100+AC100) -> 0.10691824 | AE100: 50.8 | AF100: =AE100/R100 -> 0.051720627
...

Sheet APP天数据-GP|AS
C1: BI | D1: BI | E1: gp后台 | F1: gp后台 | G1: aso工具 | H1: aso工具 | I1: AS后台 | J1: AS后台 | K1: aso工具 | L1: aso工具
C2: APP自然北极星 | E2: Google play | I2: AppleStore
A3: 日数 | B3: 地区 | C3: 自然北极星 | D3: 自然下载 | E3: google下载页面访问量 | F3: Google安装量 | G3: 关键词TOP3量 | H3: 关键词覆盖量 | I3: apple下载页面访问量 | J3: Apple安装量 | K3: 关键词TOP3量 | L3: 关键词覆盖量 | M3: 印度 | N3: 巴基斯坦
A4: 2026.4.1 | B4: 南亚 | C4: 289 | D4: 199 | I4: 8113 | J4: 7 | N4: 165
A5: 2026.4.1 | B5: 印尼 | C5: 279 | D5: 109 | I5: 965 | J5: 13 | K5: 0 | L5: 180
A6: 2026.4.1 | B6: 总计 | C6: =C4+C5 -> 568 | D6: =D4+D5 -> 308 | E6: 85 | F6: 35 | I6: 9078 | J6: 20
A7: 2026.4.2 | B7: 南亚 | C7: 268 | D7: 177 | I7: 27329 | J7: 23 | N7: 165
A8: 2026.4.2 | B8: 印尼 | C8: 209 | D8: 78 | I8: 1059 | J8: 9 | K8: 0 | L8: 181
A9: 2026.4.2 | B9: 总计 | C9: =C7+C8 -> 477 | D9: =D7+D8 -> 255 | E9: 76 | F9: 38 | I9: 28388 | J9: 32
A10: 2026.4.3 | B10: 南亚 | C10: 240 | D10: 171 | I10: 41908 | J10: 43 | N10: 166
A11: 2026.4.3 | B11: 印尼 | C11: 228 | D11: 114 | I11: 2902 | J11: 12 | K11: 0 | L11: 185
A12: 2026.4.3 | B12: 总计 | C12: =C10+C11 -> 468 | D12: =D10+D11 -> 285 | E12: 68 | F12: 38 | I12: 44810 | J12: 55
A13: 2026.4.4 | B13: 南亚 | C13: 204 | D13: 145 | I13: 20872 | J13: 28 | N13: 168
A14: 2026.4.4 | B14: 印尼 | C14: 196 | D14: 83 | I14: 613 | J14: 4 | K14: 0 | L14: 182
A15: 2026.4.4 | B15: 总计 | C15: =C13+C14 -> 400 | D15: =D13+D14 -> 228 | E15: 59 | F15: 33 | I15: 21485 | J15: 32
A16: 2026.4.5 | B16: 南亚 | C16: 146 | D16: 145 | I16: 14088 | J16: 26 | N16: 173
A17: 2026.4.5 | B17: 印尼 | C17: 206 | D17: 75 | I17: 739 | J17: 1 | K17: 0 | L17: 191
A18: 2026.4.5 | B18: 总计 | C18: =C16+C17 -> 352 | D18: =D16+D17 -> 220 | E18: 61 | F18: 38 | I18: 14827 | J18: 27
A19: 2026.4.6 | B19: 南亚 | C19: 249 | D19: 121 | I19: 13622 | J19: 15 | N19: 176
A20: 2026.4.6 | B20: 印尼 | C20: 346 | D20: 107 | I20: 2724 | J20: 9 | K20: 0 | L20: 190
A21: 2026.4.6 | B21: 总计 | C21: =C19+C20 -> 595 | D21: =D19+D20 -> 228 | E21: 70 | F21: 35 | I21: 16346 | J21: 24
A22: 2026.4.7 | B22: 南亚 | C22: 269 | D22: 126 | I22: 7580 | J22: 10 | N22: 174
A23: 2026.4.7 | B23: 印尼 | C23: 293 | D23: 94 | I23: 1356 | J23: 8 | K23: 0 | L23: 194
A24: 2026.4.7 | B24: 总计 | C24: =C22+C23 -> 562 | D24: =D22+D23 -> 220 | E24: 69 | F24: 41 | I24: 8936 | J24: 18
A25: 2026.4.8 | B25: 南亚 | C25: 224 | D25: 136 | I25: 7252 | J25: 16 | N25: 174
A26: 2026.4.8 | B26: 印尼 | C26: 233 | D26: 79 | I26: 728 | J26: 5 | K26: 0 | L26: 194
A27: 2026.4.8 | B27: 总计 | C27: =C25+C26 -> 457 | D27: =D25+D26 -> 215 | E27: 69 | F27: 28 | I27: 7980 | J27: 21
A28: 2026.4.9 | B28: 南亚 | C28: 197 | D28: 144 | I28: 6047 | J28: 12 | N28: 188
A29: 2026.4.9 | B29: 印尼 | C29: 230 | D29: 107 | I29: 690 | J29: 12 | K29: 0 | L29: 209
A30: 2026.4.9 | B30: 总计 | C30: =C28+C29 -> 427 | D30: =D28+D29 -> 251 | E30: 59 | F30: 40 | I30: 6737 | J30: 24
A31: 2026.4.10 | B31: 南亚 | C31: 183 | D31: 161 | I31: 5409 | J31: 8 | N31: 190
A32: 2026.4.10 | B32: 印尼 | C32: 185 | D32: 87 | I32: 733 | J32: 5 | K32: 0 | L32: 209
A33: 2026.4.10 | B33: 总计 | C33: =C31+C32 -> 368 | D33: =D31+D32 -> 248 | E33: 70 | F33: 39 | I33: 6142 | J33: 13
A34: 2026.4.11 | B34: 南亚 | C34: 243 | D34: 130 | I34: 4295 | J34: 9 | N34: 192
A35: 2026.4.11 | B35: 印尼 | C35: 165 | D35: 83 | I35: 632 | J35: 8 | K35: 0 | L35: 209
A36: 2026.4.11 | B36: 总计 | C36: =C34+C35 -> 408 | D36: =D34+D35 -> 213 | E36: 54 | F36: 30 | I36: 4927 | J36: 17
A37: 2026.4.12 | B37: 南亚 | C37: 192 | D37: 122 | I37: 4783 | J37: 4 | N37: 195
A38: 2026.4.12 | B38: 印尼 | C38: 211 | D38: 85 | I38: 610 | J38: 6 | K38: 0 | L38: 210
A39: 2026.4.12 | B39: 总计 | C39: =C37+C38 -> 403 | D39: =D37+D38 -> 207 | E39: 70 | F39: 35 | I39: 5393 | J39: 10
A40: 2026.4.13 | B40: 南亚 | C40: 249 | D40: 117 | I40: 4154 | J40: 8 | N40: 195
A41: 2026.4.13 | B41: 印尼 | C41: 260 | D41: 106 | I41: 802 | J41: 9 | K41: 0 | L41: 210
A42: 2026.4.13 | B42: 总计 | C42: =C40+C41 -> 509 | D42: =D40+D41 -> 223 | E42: 105 | F42: 57 | I42: 4956 | J42: 17
A43: 2026.4.14 | B43: 南亚 | C43: 295 | D43: 173 | I43: 15833 | J43: 39 | N43: 195
A44: 2026.4.14 | B44: 印尼 | C44: 253 | D44: 84 | I44: 3034 | J44: 9 | K44: 0 | L44: 210
A45: 2026.4.14 | B45: 总计 | C45: =C43+C44 -> 548 | D45: =D43+D44 -> 257 | E45: 99 | F45: 60 | I45: 18867 | J45: 48
A46: 2026.4.15 | B46: 南亚 | C46: 292 | D46: 119 | I46: 21896 | J46: 30 | N46: 196
A47: 2026.4.15 | B47: 印尼 | C47: 273 | D47: 93 | I47: 1907 | J47: 10 | K47: 0 | L47: 212
A48: 2026.4.15 | B48: 总计 | C48: =C46+C47 -> 565 | D48: =D46+D47 -> 212 | E48: 81 | F48: 46 | I48: 23803 | J48: 40
A49: 2026.4.16 | B49: 南亚 | C49: 235 | D49: 155 | I49: 14297 | J49: 19 | N49: 195
A50: 2026.4.16 | B50: 印尼 | C50: 197 | D50: 66 | I50: 1059 | J50: 11 | K50: 0 | L50: 210
A51: 2026.4.16 | B51: 总计 | C51: =C49+C50 -> 432 | D51: =D49+D50 -> 221 | E51: 72 | F51: 41 | I51: 15356 | J51: 30
A52: 2026.4.17 | B52: 南亚 | C52: 175 | D52: 142 | I52: 12302 | J52: 30 | N52: 194
A53: 2026.4.17 | B53: 印尼 | C53: 188 | D53: 77 | I53: 1106 | J53: 12 | K53: 0 | L53: 210
A54: 2026.4.17 | B54: 总计 | C54: =C52+C53 -> 363 | D54: =D52+D53 -> 219 | E54: 66 | F54: 39 | I54: 13408 | J54: 42
A55: 2026.4.18 | B55: 南亚 | C55: 219 | D55: 122 | I55: 13411 | J55: 49 | N55: 194
A56: 2026.4.18 | B56: 印尼 | C56: 197 | D56: 77 | I56: 613 | J56: 4 | K56: 0 | L56: 210
A57: 2026.4.18 | B57: 总计 | C57: =C55+C56 -> 416 | D57: =D55+D56 -> 199 | E57: 45 | F57: 23 | I57: 14024 | J57: 53
A58: 2026.4.19 | B58: 南亚 | C58: 198 | D58: 97 | I58: 15190 | J58: 22 | N58: 196
A59: 2026.4.19 | B59: 印尼 | C59: 212 | D59: 69 | I59: 581 | J59: 7 | K59: 0 | L59: 210
A60: 2026.4.19 | B60: 总计 | C60: =C58+C59 -> 410 | D60: =D58+D59 -> 166 | E60: 76 | F60: 51 | I60: 15771 | J60: 29
A61: 2026.4.20 | B61: 南亚 | C61: 251 | D61: 101 | I61: 14821 | J61: 33 | N61: 196
A62: 2026.4.20 | B62: 印尼 | C62: 250 | D62: 79 | I62: 4894 | J62: 17 | K62: 0 | L62: 207
A63: 2026.4.20 | B63: 总计 | C63: =C61+C62 -> 501 | D63: =D61+D62 -> 180 | E63: 70 | F63: 47 | I63: 19715 | J63: 50
A64: 2026.4.21 | B64: 南亚 | C64: 193 | D64: 127 | I64: 20917 | J64: 31 | N64: 198
A65: 2026.4.21 | B65: 印尼 | C65: 208 | D65: 70 | I65: 1482 | J65: 5 | K65: 0 | L65: 210
A66: 2026.4.21 | B66: 总计 | C66: =C64+C65 -> 401 | D66: =D64+D65 -> 197 | E66: 68 | F66: 38 | I66: 22399 | J66: 36
A67: 2026.4.22 | B67: 南亚 | C67: 234 | D67: 137 | I67: 16813 | J67: 35 | N67: 198
A68: 2026.4.22 | B68: 印尼 | C68: 227 | D68: 75 | I68: 1407 | J68: 4 | K68: 0 | L68: 211
A69: 2026.4.22 | B69: 总计 | C69: =C67+C68 -> 461 | D69: =D67+D68 -> 212 | E69: 65 | F69: 42 | I69: 18220 | J69: 39
A70: 2026.4.23 | B70: 南亚 | C70: 201 | D70: 130 | I70: 11472 | J70: 30
A71: 2026.4.23 | B71: 印尼 | C71: 246 | D71: 68 | I71: 1328 | J71: 8 | K71: 0 | L71: 206
A72: 2026.4.23 | B72: 总计 | C72: =C70+C71 -> 447 | D72: =D70+D71 -> 198 | E72: 70 | F72: 45 | I72: 12800 | J72: 38
A73: 2026.4.24 | B73: 南亚 | C73: 172 | D73: 116 | I73: 10948 | J73: 24
A74: 2026.4.24 | B74: 印尼 | C74: 175 | D74: 71 | I74: 917 | J74: 3 | K74: 0 | L74: 207
A75: 2026.4.24 | B75: 总计 | C75: =C73+C74 -> 347 | D75: =D73+D74 -> 187 | E75: 53 | F75: 37 | I75: 11865 | J75: 27
A76: 2026.4.25 | B76: 南亚 | C76: 202 | D76: 156 | I76: 11996 | J76: 27
A77: 2026.4.25 | B77: 印尼 | C77: 162 | D77: 63 | I77: 761 | J77: 4 | K77: 0 | L77: 209
A78: 2026.4.25 | B78: 总计 | C78: =C76+C77 -> 364 | D78: =D76+D77 -> 219 | E78: 61 | F78: 37 | I78: 12757 | J78: 31
A79: 2026.4.26 | B79: 南亚 | C79: 163 | D79: 114 | I79: 12273 | J79: 29
A80: 2026.4.26 | B80: 印尼 | C80: 177 | D80: 80 | I80: 833 | J80: 3 | K80: 0 | L80: 209
A81: 2026.4.26 | B81: 总计 | C81: =C79+C80 -> 340 | D81: =D79+D80 -> 194 | E81: 62 | F81: 40 | I81: 13106 | J81: 32
A82: 2026.4.27 | B82: 南亚 | C82: 265 | D82: 113 | I82: 18969 | J82: 34
A83: 2026.4.27 | B83: 印尼 | C83: 256 | D83: 78 | I83: 919 | J83: 4 | K83: 0 | L83: 211
A84: 2026.4.27 | B84: 总计 | C84: =C82+C83 -> 521 | D84: =D82+D83 -> 191 | E84: 80 | F84: 49 | I84: 19888 | J84: 38
A85: 2026.4.28 | B85: 南亚 | C85: 204 | D85: 128 | I85: 12789 | J85: 22
A86: 2026.4.28 | B86: 印尼 | C86: 209 | D86: 65 | I86: 1084 | J86: 9 | K86: 0 | L86: 211
A87: 2026.4.28 | B87: 总计 | C87: =C85+C86 -> 413 | D87: =D85+D86 -> 193 | E87: 59 | F87: 33 | I87: 13873 | J87: 31
A88: 2026.4.29 | B88: 南亚 | C88: 152 | D88: 106 | I88: 4591 | J88: 7
A89: 2026.4.29 | B89: 印尼 | C89: 189 | D89: 74 | I89: 1854 | J89: 7 | K89: 0 | L89: 211
A90: 2026.4.29 | B90: 总计 | C90: =C88+C89 -> 341 | D90: =D88+D89 -> 180 | E90: 69 | F90: 44 | I90: 6445 | J90: 14
A91: 2026.4.30 | B91: 南亚 | C91: 219 | D91: 115 | I91: 4650 | J91: 17
A92: 2026.4.30 | B92: 印尼 | C92: 208 | D92: 65 | I92: 2417 | J92: 12 | K92: 0 | L92: 209
A93: 2026.4.30 | B93: 总计 | C93: =C91+C92 -> 427 | D93: =D91+D92 -> 180 | E93: 80 | F93: 52 | I93: 7067 | J93: 29
A94: 2026.5.1 | B94: 南亚 | C94: 195 | D94: 126 | I94: 3864 | J94: 8
A95: 2026.5.1 | B95: 印尼 | C95: 231 | D95: 66 | I95: 2071 | J95: 8 | K95: 0 | L95: 210
A96: 2026.5.1 | B96: 总计 | C96: =C94+C95 -> 426 | D96: =D94+D95 -> 192 | E96: 71 | F96: 38 | I96: 5935 | J96: 16
A97: 2026.5.2 | B97: 南亚 | C97: 240 | D97: 113 | I97: 3125 | J97: 3
A98: 2026.5.2 | B98: 印尼 | C98: 191 | D98: 57 | I98: 1922 | J98: 7 | K98: 0 | L98: 210
A99: 2026.5.2 | B99: 总计 | C99: =C97+C98 -> 431 | D99: =D97+D98 -> 170 | E99: 53 | F99: 38 | I99: 5047 | J99: 10
A100: 2026.5.3 | B100: 南亚 | C100: 166 | D100: 145 | I100: 3048 | J100: 13
...
